slug,name,agency,type,url,status,last_updated,listing_deadline,deadline_raw,amount,eligibility,source_quality,source_domain,C1,C2,C3,C4,C5,total,note
a-vibrant-future,A Vibrant Future,International Fresh Produce Association,Grant,https://ambrook.com/funding/a-vibrant-future,OK,2026-07-23,-,ABSENT,"$28,000 maximum yearly payment",EXPLICIT,SPECIFIC,freshproduce.com,3,2,3,3,3,14,
agee,ACRE3 Agricultural Energy Efficiency,Colorado Department of Agriculture (CDA),Grant,https://ambrook.com/funding/agee,OK,2026-07-23,-,ABSENT,"$250,000",EXPLICIT,SPECIFIC,energyoffice.colorado.gov,3,2,3,3,3,14,
irrigation-hydro,ACRE3 Irrigation Hydropower Programs,Colorado Department of Agriculture (CDA),Loan,https://ambrook.com/funding/irrigation-hydro,OK,2026-07-23,-,ABSENT,"up to 25% not to exceed $25,000",PROSE,SPECIFIC,ag.colorado.gov,3,2,3,3,2,13,eligibility only in linked PDFs
agricapture-climate-friendly-rice,AGriCapture Climate-Friendly Rice,AgriCapture,"Grant, Climate-Smart",https://ambrook.com/funding/agricapture-climate-friendly-rice,OK,2026-07-23,Closed Apr 14,"Closed April 14, 2025","$7,500,000 total",PROSE,SPECIFIC,agricapture.com,3,3,3,3,2,14,no per-award cap; PCSC cancelled
agwest-farm-credit,AgWest New Producer Grant,AgWest Farm Credit,Grant,https://ambrook.com/funding/agwest-farm-credit,OK,2026-01-19,Closed May 31,"Closed May 31, 2025","$15,000",EXPLICIT,SPECIFIC,agwestfc.com,3,3,3,3,3,15,
acep-ale,Agricultural Conservation Easement Program: Agricultural Land Easements (ACEP-ALE),Natural Resources Conservation Service (NRCS),Easement,https://ambrook.com/funding/acep-ale,OK,2026-07-28,-,ABSENT,up to 50% of fair market value,EXPLICIT,GENERIC,nrcs.usda.gov,3,2,2,2,3,12,links to forms/office locator only
acep-wre,Agricultural Conservation Easement Program: Wetland Reserve Easements,Natural Resources Conservation Service (NRCS),Easement,https://ambrook.com/funding/acep-wre,OK,2026-07-23,-,ABSENT,100% permanent; 50-75% term,EXPLICIT,SPECIFIC,nrcs.usda.gov,3,2,3,2,3,13,percentage with no dollar cap
aldi,Agricultural Leadership Development Initiative,Future Harvest,Education,https://ambrook.com/funding/aldi,OK,2025-05-28,Closed Jan 21,"Deadline January 25, 2025",ABSENT,PROSE,NONE,ABSENT,2,1,1,1,2,7,deadline passed not marked closed; listing says Jan 21 page says Jan 25 2025
alg,Agricultural Loan Guarantee Program,Texas Agricultural Finance Authority (TAFA),Loan,https://ambrook.com/funding/alg,OK,2025-10-03,-,ABSENT,"$500,000 or 80% of loan",EXPLICIT,SPECIFIC,texasagriculture.gov,3,2,3,3,3,14,
ama,Agricultural Management Assistance (AMA),Natural Resources Conservation Service (NRCS),Grant,https://ambrook.com/funding/ama,OK,2026-07-23,-,ABSENT,"up to 75%, $50,000 per participant",EXPLICIT,GENERIC,offices.sc.egov.usda.gov,3,2,2,3,3,13,only source is NRCS office locator
carb-farmer,Agricultural Replacement Measures for Emission Reductions Program (FARMER),California Air Resources Board (CARB),Grant,https://ambrook.com/funding/carb-farmer,OK,2026-07-23,-,ABSENT,ABSENT,PROSE,SPECIFIC,ww2.arb.ca.gov,3,2,3,1,2,11,no funding amount
arc-plc,Agriculture Risk Coverage and Price Loss Coverage Programs (ARC/PLC),Farm Service Agency (FSA),Insurance,https://ambrook.com/funding/arc-plc,OK,2026-07-23,Closed Apr 15,"Closed April 15, 2025",ABSENT,PROSE,SPECIFIC,fsa.usda.gov,3,3,3,1,2,12,no funding amount
agriculture-and-aquaculture-producers-natural-disaster-recovery-loan-program,Agriculture and Aquaculture Producers Emergency Loan Program,Florida Department of Agriculture and Consumer Services (FDACS),Loan,https://ambrook.com/funding/agriculture-and-aquaculture-producers-natural-disaster-recovery-loan-program,OK,2026-07-23,-,up to one year after declared emergency,"$500,000",EXPLICIT,SPECIFIC,fdacs.gov,3,3,3,3,3,15,
agriculture-and-food-research-initiative-foundational-and-applied-science-program,Agriculture and Food Research Initiative - Foundational and Applied Science Program,National Institute of Food and Agriculture (NIFA),Grant,https://ambrook.com/funding/agriculture-and-food-research-initiative-foundational-and-applied-science-program,OK,2026-07-23,Due Dec 31,"Due December 31, 2026","$10,000,000",EXPLICIT,SPECIFIC,nifa.usda.gov,3,3,3,3,3,15,
NAQI,Air Quality Initiative (NAQI),Natural Resources Conservation Service (NRCS),Grant,https://ambrook.com/funding/NAQI,OK,2026-07-23,-,accepted throughout the year,ABSENT,EXPLICIT,SPECIFIC,nrcs.usda.gov,3,3,3,1,3,13,no funding amount
amber-grant-for-women,Amber Grant for Women,WomensNet,Grant,https://ambrook.com/funding/amber-grant-for-women,OK,2026-07-23,Closed Jul 31,"Due July 31, 2026","$50,000",EXPLICIT,SPECIFIC,ambergrantsforwomen.com,3,1,3,3,3,13,Due date passed 6 days ago still shown open
az-fotf,Arizona Friends of the Farm Program,Arizona Food Bank Network,Local Food,https://ambrook.com/funding/az-fotf,OK,2026-07-23,-,Term deadlines Mar 30 2026 and Sep 30 2026,"$35,000 per term",EXPLICIT,SPECIFIC,azfoodbanks.org,3,3,3,3,3,15,
az-scbgp,Arizona Specialty Crop Block Grant Program,Arizona Department of Agriculture (ADA),Grant,https://ambrook.com/funding/az-scbgp,OK,2026-02-11,Closed Mar 6,"Closed March 6, 2026",ABSENT,PROSE,SPECIFIC,agriculture.az.gov,3,3,3,1,2,12,no award amount
producer-led-collaborative-effort-to-fundamentally-transition-the-us-beef-supply-chain-to-carbon-neutral,Beef Producer Economic Resilience Initiative,American Farmland Trust (AFT),Grant,https://ambrook.com/funding/producer-led-collaborative-effort-to-fundamentally-transition-the-us-beef-supply-chain-to-carbon-neutral,OK,2026-07-31,-,ABSENT,"$42,000,000 total",PROSE,GENERIC,forms.office.com,3,2,2,3,2,12,only link is a Microsoft Form
beginning-farmers-and-ranchers-loans,Beginning Farmers and Ranchers Loans,Farm Service Agency (FSA),Loan,https://ambrook.com/funding/beginning-farmers-and-ranchers-loans,OK,2026-07-23,-,ABSENT,"$600,000 total",EXPLICIT,SPECIFIC,fsa.usda.gov,3,2,3,3,3,14,
bird-returns-wetlands,Bird Returns Wetlands,Ducks Unlimited,Easement,https://ambrook.com/funding/bird-returns-wetlands,OK,2025-05-06,Closed May 26,"Closed May 26, 2025",ABSENT,EXPLICIT,NONE,ABSENT,2,3,1,1,3,10,no outbound source link
BirdReturn-Sandhill-Crane-Program,BirdReturns Sandhill Crane Program,The Migratory Bird Conservation Partnership (MBCP),Grant,https://ambrook.com/funding/BirdReturn-Sandhill-Crane-Program,OK,2026-07-23,Closed Aug 1,"Closed August 1, 2025","$830,000 total",ABSENT,SPECIFIC,birdreturns.org,3,3,3,3,1,13,no eligibility information
black-farmer-fund,Black Farmer Fund,Black Farmer Fund,Grant,https://ambrook.com/funding/black-farmer-fund,OK,2025-10-27,-,ABSENT,ABSENT,PROSE,NONE,ABSENT,3,2,1,1,2,9,no source link and no funding amount
bff-rapid-response-program,Black Farmer Fund Rapid Response Program,Black Farmer Fund,Grant,https://ambrook.com/funding/bff-rapid-response-program,OK,2026-07-23,-,"Applications Open: January, April, July, October","$10,000",EXPLICIT,GENERIC,docs.google.com,3,3,2,3,3,14,only links are Google Forms
braiding-seeds-fellowship,Braiding Seeds Fellowship,Soul Fire Farm,Grant,https://ambrook.com/funding/braiding-seeds-fellowship,OK,2026-07-23,Closed Oct 15,"Closed October 15, 2025","$50,000",EXPLICIT,SPECIFIC,soulfirefarm.org,3,3,3,3,3,15,
building-markets-and-resiliency,Building Markets and Resiliency,North Jersey RC&D Area,Grant,https://ambrook.com/funding/building-markets-and-resiliency,OK,2026-07-23,Closed Dec 31,"Closed December 31, 2023","up to $85,000/producer",EXPLICIT,SPECIFIC,northjerseyrcd.org,3,1,3,3,3,13,status contradicts body saying program restarted January 2026
buy-local-buy-wisconsin-grants,"Buy Local, Buy Wisconsin Grants",Wisconsin DATCP,Grant,https://ambrook.com/funding/buy-local-buy-wisconsin-grants,OK,2026-08-03,Closed Sep 15,"Closed September 15, 2025","$50,000",EXPLICIT,SPECIFIC,datcp.wi.gov,3,3,3,3,3,15,
cada-beginning-farmer-loan-program,CADA Beginning Farmer Loan Program,Colorado Agricultural Development Authority (CADA),Loan,https://ambrook.com/funding/cada-beginning-farmer-loan-program,OK,2026-07-23,-,ABSENT,ABSENT,EXPLICIT,SPECIFIC,cadafarmloan.com,3,2,3,1,3,12,no maximum loan amount
cfra-loans,CFRA Loans,Nebraska Center For Rural Affairs (CFRA),Loan,https://ambrook.com/funding/cfra-loans,OK,2026-07-23,-,ABSENT,"$250,000",PROSE,SPECIFIC,cfra.org,3,2,3,3,2,13,
ammp,California Alternative Manure Management Practices Program,California Department of Food and Agriculture (CDFA),Grant,https://ambrook.com/funding/ammp,OK,2026-07-23,Closed Oct 18,"Closed October 18, 2024","$750,000",EXPLICIT,SPECIFIC,cdfa.ca.gov,3,3,3,3,3,15,
ca-community-vision-loans,California Community Vision Lending,Community Vision Capital & Consulting,Loan,https://ambrook.com/funding/ca-community-vision-loans,OK,2026-07-10,-,ABSENT,"$5,000,000",EXPLICIT,GENERIC,communityvisionca.org,3,2,2,3,3,13,only link is lender homepage
california-dairy-research-foundation-partnerships-for-climate-smart-commodities-project,California Dairy Research Foundation Partnerships for Climate-Smart Commodities Project,California Dairy Research Foundation,Grant,https://ambrook.com/funding/california-dairy-research-foundation-partnerships-for-climate-smart-commodities-project,OK,2026-07-23,Sep 14,"Due September 14, 2026","$85,000,000 total",PROSE,SPECIFIC,cdfa.ca.gov,3,1,3,3,2,12,Due 2026 contradicts body saying applications closed for 2024
cfcp,California Farmland Conservancy Program,California Department of Conservation (CADC),Grant,https://ambrook.com/funding/cfcp,OK,2026-07-28,-,rolling basis,"$1,300,000 total",EXPLICIT,SPECIFIC,conservation.ca.gov,3,3,3,3,3,15,
ca-hsp,California Healthy Soils Program,California Department of Food and Agriculture (CDFA),Grant,https://ambrook.com/funding/ca-hsp,OK,2026-07-23,Closed Aug 2,"Closed August 2, 2024",ABSENT,EXPLICIT,SPECIFIC,cdfa.ca.gov,3,3,3,1,3,13,no funding amount
ccof-transition-grant,California Organic Transition Grant,California Certified Organic Farms (CCOF),Grant,https://ambrook.com/funding/ccof-transition-grant,OK,2026-07-23,-,ABSENT,"$10,000",EXPLICIT,GENERIC,bit.ly,3,2,2,3,3,13,only link is a bit.ly portal
ca-sjv-ag-burn-alt-grant,California San Joaquin Valley Agricultural Burn Alternatives Grant Program,San Joaquin Valley Air Pollution Control District,Grant,https://ambrook.com/funding/ca-sjv-ag-burn-alt-grant,OK,2026-07-23,-,ABSENT,"$2,000,000 (65% of eligible cost)",EXPLICIT,SPECIFIC,valleyair.org,3,2,3,3,3,14,
ca-seeds-for-bees-program,California Seeds for Bees Program,Project Apis m.,Discount,https://ambrook.com/funding/ca-seeds-for-bees-program,OK,2026-07-23,Due Aug 31,"Due August 31, 2026","$2,500 first year discount",EXPLICIT,SPECIFIC,projectapism.org,3,3,3,3,3,15,
ca-salc,California Sustainable Agricultural Lands Conservation Program,California Department of Conservation (CADC),Grant,https://ambrook.com/funding/ca-salc,OK,2026-07-23,Due Oct 1,"Due October 1, 2026","$500,000",EXPLICIT,SPECIFIC,conservation.ca.gov,3,3,3,3,3,15,
ca-cusp,California Underserved and Small Producers Program,California Department of Food and Agriculture (CDFA),Grant,https://ambrook.com/funding/ca-cusp,OK,2026-07-23,-,ABSENT,$5 million drought relief,PROSE,SPECIFIC,cdfa.ca.gov,3,2,3,3,2,13,bullets cover eligible expenses not applicant eligibility
california-urban-agriculture-grant-program,California Urban Agriculture Grant Program,California Department of Food and Agriculture (CDFA),Grant,https://ambrook.com/funding/california-urban-agriculture-grant-program,OK,2026-07-23,Closed Oct 23,"Closed October 23, 2023","up to $11,670,000 total",EXPLICIT,SPECIFIC,cafarmtofork.cdfa.ca.gov,3,3,3,3,3,15,
capital-equipment-assistance-program,Capital Equipment Assistance Program,"Vermont Agency of Agriculture, Food & Markets (VAAFM)",Grant,https://ambrook.com/funding/capital-equipment-assistance-program,OK,2026-07-23,Closed Jul 15,"Closed July 15, 2026","$150,000 max, 90% of cost",EXPLICIT,SPECIFIC,agriculture.vermont.gov,3,3,3,3,3,15,body labels a closed cycle as NEW 2027 applications
carbon-by-indigo,Carbon by Indigo,Indigo Ag,Environmental Market,https://ambrook.com/funding/carbon-by-indigo,OK,2026-08-05,-,ABSENT,75% of carbon credit price,EXPLICIT,GENERIC,indigoag.com,3,2,2,2,3,12,links to homepage and whitepaper only
cacfp,Child and Adult Care Food Program,Food and Nutrition Administration (FNA),Grant,https://ambrook.com/funding/cacfp,OK,2026-07-23,-,ABSENT,ABSENT,PROSE,SPECIFIC,fns.usda.gov,3,2,3,1,2,11,no funding information
choose-iowa-marketing-and-promotion-program,Choose Iowa Value-Added Grant,Iowa Department of Agriculture & Land Stewardship (IDALS),Grant,https://ambrook.com/funding/choose-iowa-marketing-and-promotion-program,OK,2026-07-23,Closed Jan 16,"Closed January 16, 2026","$25,000",EXPLICIT,SPECIFIC,chooseiowa.com,3,3,3,3,3,15,
co-agriculture-future-loans-program,Colorado Agricultural Future Loans Program,Colorado Department of Agriculture (CDA),Loan,https://ambrook.com/funding/co-agriculture-future-loans-program,OK,2026-07-23,-,currently a waitlist,"Up to $750,000",EXPLICIT,SPECIFIC,ag.colorado.gov,3,2,3,3,3,14,
co-bc-sfaf,Colorado Boulder County Sustainable Food and Agriculture Fund,Boulder County Department of the Environment,Grant,https://ambrook.com/funding/co-bc-sfaf,OK,2026-07-23,Closed Jan 7,"no later than Jan. 7, 2026","$25,000 per project",EXPLICIT,SPECIFIC,bouldercounty.gov,3,3,3,3,3,15,
co-pace,Colorado C-PACE,Colorado Commercial Property Assessed Clean Energy (CO-CPACE),Grant,https://ambrook.com/funding/co-pace,OK,2026-07-23,-,ABSENT,up to 100% of improvements,EXPLICIT,SPECIFIC,copace.com,3,2,3,2,3,13,percentage with no dollar cap
co-nextgen,Colorado Next Gen Ag Leadership Grant Program,Colorado Department of Agriculture (CDA),Grant,https://ambrook.com/funding/co-nextgen,OK,2026-07-23,Closed Apr 24,"Closed April 24, 2026","$25,000",PROSE,GENERIC,forms.gle,3,3,2,3,2,13,links only to Google Forms
co-star,Colorado Saving Tomorrow's Agricultural Resources Program,Colorado Department of Agriculture (CDA),Grant,https://ambrook.com/funding/co-star,OK,2026-07-23,-,not currently accepting new applicants,ABSENT,PROSE,GENERIC,abm.extension.colostate.edu,3,2,2,1,2,10,"no CDA link, no funding info"
co-scbgp,Colorado Specialty Crop Block Grant Program,Colorado Department of Agriculture (CDA),Grant,https://ambrook.com/funding/co-scbgp,OK,2026-07-23,Closed Feb 13,"Applications are closed, reopen January 2027","$700,000 anticipated",EXPLICIT,SPECIFIC,ams.usda.gov,3,3,3,3,3,15,links to federal AMS not the state agency
commodity-loans,Commodity Loans,Farm Service Agency (FSA),Loan,https://ambrook.com/funding/commodity-loans,OK,2026-07-24,-,ABSENT,ABSENT,ABSENT,SPECIFIC,fsa.usda.gov,3,2,3,1,1,10,no eligibility and no funding information
composting-and-food-waste-reduction-pilot-project,Composting and Food Waste Reduction Pilot Project,Natural Resources Conservation Service (NRCS),Grant,https://ambrook.com/funding/composting-and-food-waste-reduction-pilot-project,OK,2026-07-23,Closed Sep 4,"Closed September 4, 2024","$300,000 max",EXPLICIT,GENERIC,grants.gov,3,3,2,3,3,14,links only to grants.gov portal
ct-farm-viability-grant,Connecticut Agricultural Enhancement Grant,Connecticut Department of Agriculture (CTDOAG),Grant,https://ambrook.com/funding/ct-farm-viability-grant,OK,2026-07-23,Closed Feb 2,"Closed February 2, 2026","$49,999 max",EXPLICIT,SPECIFIC,portal.ct.gov,3,3,3,3,3,15,
connecticut-energy-assistance-program,Connecticut Energy Assistance Program,Connecticut's Department of Social Services,Grant,https://ambrook.com/funding/connecticut-energy-assistance-program,OK,2026-07-23,Closed May 29,"last day to apply May 29, 2026",$295-$645,EXPLICIT,SPECIFIC,portal.ct.gov,3,3,3,3,3,15,
ct-farm-transition-grant-program,Connecticut Farm Enterprise Transition Grant,Connecticut Department of Agriculture (CTDOAG),Grant,https://ambrook.com/funding/ct-farm-transition-grant-program,OK,2026-07-23,Closed Jan 12,"Closed January 12, 2026","$49,999 max",EXPLICIT,SPECIFIC,portal.ct.gov,3,3,3,3,3,15,
ct-organic-certification-cost-share-program,Connecticut Organic Certification Cost Share Program,Connecticut Department of Agriculture (CTDOAG),Cost Share,https://ambrook.com/funding/ct-organic-certification-cost-share-program,OK,2026-07-28,Closed Sep 30,"Closed September 30, 2024",50% up to $500,EXPLICIT,SPECIFIC,portal.ct.gov,3,3,3,3,3,15,cost-share text cites the 2020-2021 cycle
ct-scbgp,Connecticut Specialty Crop Block Grant,Connecticut Department of Agriculture (CTDOAG),Grant,https://ambrook.com/funding/ct-scbgp,OK,2026-07-23,Closed Mar 16,"Closed March 16, 2026","$100,000",EXPLICIT,SPECIFIC,portal.ct.gov,3,1,3,3,3,13,status says 2026 but body says due June 27 2022
ct-traditional-farmland-preservation-program,Connecticut Traditional Farmland Preservation Program,Connecticut Department of Agriculture (CTDOAG),Easement,https://ambrook.com/funding/ct-traditional-farmland-preservation-program,OK,2026-07-23,-,ABSENT,gift to full value of development rights,EXPLICIT,SPECIFIC,portal.ct.gov,3,2,3,2,3,13,qualitative funding only
cig,Conservation Innovation Grants (CIG),Natural Resources Conservation Service (NRCS),Grant,https://ambrook.com/funding/cig,OK,2026-07-10,Closed Jul 27,"Due July 27, 2026","$5,000,000 max",PROSE,SPECIFIC,nrcs.usda.gov,3,1,3,3,2,12,Due date passed and body says no open competitions
crep,Conservation Reserve Enhancement Program (CREP),Farm Service Agency (FSA),Easement,https://ambrook.com/funding/crep,OK,2026-07-23,-,ABSENT,ABSENT,EXPLICIT,SPECIFIC,fsa.usda.gov,3,2,3,1,2,11,no funding figures
crp,Conservation Reserve Program (CRP),Farm Service Agency (FSA),"Easement, Cost Share",https://ambrook.com/funding/crp,OK,2026-07-23,Closed May 1,"Closed May 1, 2026",cost-share up to 50%,EXPLICIT,SPECIFIC,fsa.usda.gov,3,3,3,3,3,15,
crp-grasslands,Conservation Reserve Program - Grasslands (CRP Grasslands),Farm Service Agency (FSA),"Easement, Cost Share, Grant",https://ambrook.com/funding/crp-grasslands,OK,2026-07-23,Closed May 29,"Closed May 29, 2026",75% of NASS pasture rate,EXPLICIT,SPECIFIC,fsa.usda.gov,3,3,3,2,3,14,percentage with no cap
csp,Conservation Stewardship Program (CSP),Natural Resources Conservation Service (NRCS),Easement,https://ambrook.com/funding/csp,OK,2026-07-28,-,ABSENT,"$200,000 max; $4,000 minimum",EXPLICIT,NONE,ABSENT,3,2,1,3,3,12,"no NRCS source link, only Flickr and Stripe"
conservation-stewardship-program-grasslands-conservation-initiative,Conservation Stewardship Program: Grasslands Conservation Initiative,Natural Resources Conservation Service (NRCS),Easement,https://ambrook.com/funding/conservation-stewardship-program-grasslands-conservation-initiative,OK,2026-07-28,-,continuous basis,"$4,000 minimum",EXPLICIT,SPECIFIC,nrcs.usda.gov,3,3,3,3,3,15,
clcg,Contour Lines Tree Planting Grant,Contour Lines Corp,Grant,https://ambrook.com/funding/clcg,OK,2026-07-23,-,ABSENT,free trees and technical assistance,EXPLICIT,SPECIFIC,contourlines.org,3,2,3,2,3,13,in-kind only
dmc,Dairy Margin Coverage Program (DMC),Farm Service Agency (FSA),Insurance,https://ambrook.com/funding/dmc,OK,2026-07-23,Closed Feb 26,"Closed February 26, 2026","$100 admin fee, buy-up levels",EXPLICIT,SPECIFIC,fsa.usda.gov,3,3,3,2,3,14,no maximum benefit stated
chesapeake-bay-implementation-grant-program,Delaware Chesapeake Bay Implementation Grant Program,Delaware DNREC,Grant,https://ambrook.com/funding/chesapeake-bay-implementation-grant-program,OK,2026-07-23,Closed Mar 6,"Closed March 6, 2026","100% non-federal match, no max",PROSE,SPECIFIC,dnrec.delaware.gov,3,3,3,2,2,13,no maximum award
de-fsfsgp,Delaware First State Food System Grant Program,Delaware Council on Farm & Food Policy,Grant,https://ambrook.com/funding/de-fsfsgp,OK,2026-07-23,Closed May 30,"Closed May 30, 2025","$12,500",EXPLICIT,GENERIC,farm-and-food-delaware.hub.arcgis.com,3,3,2,3,3,14,links to ArcGIS hub not the council program page
de-irrigation-electrification-grant-program,Delaware Irrigation Electrification Grant Program,Delaware Electric Cooperative (DEC),Grant,https://ambrook.com/funding/de-irrigation-electrification-grant-program,OK,2026-07-23,-,ABSENT,"$10,000",EXPLICIT,SPECIFIC,delaware.coop,3,2,3,3,3,14,
de-nutrient-relocation,Delaware Nutrient Management Relocation Program,Delaware Department of Agriculture (DDoA),Grant,https://ambrook.com/funding/de-nutrient-relocation,OK,2026-05-06,-,ABSENT,ABSENT,PROSE,SPECIFIC,agriculture.delaware.gov,3,2,3,1,2,11,no funding information
delaware-section-319-grants,Delaware Section 319 Grants,Delaware DNREC,Grant,https://ambrook.com/funding/delaware-section-319-grants,OK,2026-07-23,Closed Mar 6,"Deadline: March 6, 2026","$100,000 total",PROSE,SPECIFIC,dnrec.alpha.delaware.gov,3,3,3,3,2,14,
direct-farm-operating-loan,Direct Farm Operating Loan,Farm Service Agency (FSA),Loan,https://ambrook.com/funding/direct-farm-operating-loan,OK,2026-07-23,-,ABSENT,"$400,000",EXPLICIT,SPECIFIC,fsa.usda.gov,3,2,3,3,3,14,
disaster-assistance-recovery-tool,Disaster Assistance Recovery Tool,U.S. Department of Agriculture (USDA),"Education, Grant, Loan, Cost Share",https://ambrook.com/funding/disaster-assistance-recovery-tool,OK,2026-07-23,-,ABSENT,ABSENT,ABSENT,SPECIFIC,lat.fpac.usda.gov,3,2,3,1,1,10,no eligibility and no funding information
eqip-cic,EQIP Conservation Incentive Contracts (EQIP-CIC),Natural Resources Conservation Service (NRCS),Grant,https://ambrook.com/funding/eqip-cic,OK,2026-07-23,-,year-round with state signup dates,"$200,000 life of Farm Bill",EXPLICIT,SPECIFIC,nrcs.usda.gov,3,3,3,3,3,15,
eqip-high-tunnel,EQIP High Tunnel System Initiative,Natural Resources Conservation Service (NRCS),Grant,https://ambrook.com/funding/eqip-high-tunnel,OK,2026-01-15,-,ABSENT,ABSENT,PROSE,SPECIFIC,nrcs.usda.gov,3,2,3,1,2,11,no funding information
energy-initiative,EQIP On-Farm Energy Initiative,Natural Resources Conservation Service (NRCS),Grant,https://ambrook.com/funding/energy-initiative,OK,2026-07-23,-,accepted throughout the year,ABSENT,PROSE,SPECIFIC,nrcs.usda.gov,3,3,3,1,2,12,no funding information
eqip-organic-initiative,EQIP Organic Initiative,Natural Resources Conservation Service (NRCS),Grant,https://ambrook.com/funding/eqip-organic-initiative,OK,2026-07-23,-,ABSENT,"$140,000 over 2019-2023",EXPLICIT,SPECIFIC,nrcs.usda.gov,3,2,3,3,3,14,payment limit cites the expired 2019-2023 Farm Bill
elevated-foods-partnerships-for-climate-smart-commodities,Elevated Foods Advancing Markets for Producers (AMP),Elevated Foods,Grant,https://ambrook.com/funding/elevated-foods-partnerships-for-climate-smart-commodities,OK,2026-07-23,-,ABSENT,"$20,000,000 total",EXPLICIT,SPECIFIC,elevatedfoods.com,3,2,3,3,3,14,open enrollment referenced with no dates
elap,"Emergency Assistance for Livestock, Honey Bees, and Farm-Raised Fish (ELAP)",Farm Service Agency (FSA),Grant,https://ambrook.com/funding/elap,OK,2026-07-23,-,application period ends Dec. 31 each year,"$125,000",EXPLICIT,SPECIFIC,fsa.usda.gov,3,3,3,3,3,15,
ecap,Emergency Commodity Assistance (ECAP),Farm Service Agency (FSA),"Grant, Insurance",https://ambrook.com/funding/ecap,OK,2026-07-23,Closed Aug 15,"Closed August 15, 2025","$10,000,000,000 total",PROSE,SPECIFIC,fsa.usda.gov,3,3,3,3,2,14,listing chip Closed Aug 15 is year-less; body cites forms due Aug 17 2026
forest-legacy-program,Forest Legacy Program,Forest Service (FS),"Easement, Grant, Cost Share",https://ambrook.com/funding/Forest%20Legacy%20Program,SLUG_VARIANT,ABSENT,-,ABSENT,ABSENT,ABSENT,NONE,ABSENT,0,0,0,0,0,0,"org page links to /funding/Forest%20Legacy%20Program (literal spaces, title case); the kebab-case slug 404s. Page itself resolves and was excluded from scoring."
ffp,Fisheries Finance Program,National Oceanic and Atmospheric Administration (NOAA),Loan,https://ambrook.com/funding/ffp,OK,2026-07-23,-,ABSENT,"fee 0.5% of loan, no max",PROSE,NONE,ABSENT,3,2,1,2,2,10,no NOAA source link
farmlend,FarmLend,Farm Credit,Loan,https://ambrook.com/funding/farmlend,OK,2026-07-10,-,ABSENT,ABSENT,ABSENT,GENERIC,farmlend.com,3,2,2,1,1,9,no funding and no eligibility
fb-ag-innovation-challenge,Farm Bureau Ag Innovation Challenge,Farm Bureau (FB),Grant,https://ambrook.com/funding/fb-ag-innovation-challenge,OK,2025-07-10,Closed Jun 9,"Deadline: June 9, 2025","$165,000 total, $50,000 prize",EXPLICIT,NONE,ABSENT,2,1,1,3,3,10,deadline contradicts body describing 2023 challenge with 2022 deadline
farm-aid-hurricane-disaster-fund,Farm Aid Hurricane Disaster Fund,Farm Aid,Grant,https://ambrook.com/funding/farm-aid-hurricane-disaster-fund,OK,2025-08-20,-,ABSENT,"$250,000 total",PROSE,NONE,ABSENT,3,2,1,2,2,10,no outbound links; body says programs under review as of 1/27/25
farmer-cooperative-led-partnership-driven-project-for-implementing-novel-perennial-cover-crop-species-in-specialty-crop-systems-and-integrating-with-innovative-mrv-and-carbon-market,Farmer Cooperative-Led Perennial Cover Crop / MRV and Carbon Market Project,Oakville Bluegrass Cooperative,Grant,https://ambrook.com/funding/farmer-cooperative-led-partnership-driven-project-for-implementing-novel-perennial-cover-crop-species-in-specialty-crop-systems-and-integrating-with-innovative-mrv-and-carbon-market,OK,2026-07-23,-,reopened enrollment October 2025,"up to $13,750 per producer",ABSENT,SPECIFIC,obc.ag,3,2,3,3,1,12,no eligibility criteria
farmers-for-soil-health-climate-smart-commodities-partnership-,Farmers for Soil Health Climate-Smart Commodities Partnership,National Fish and Wildlife Foundation (NFWF),Grant,https://ambrook.com/funding/farmers-for-soil-health-climate-smart-commodities-partnership-,OK,2026-07-23,Closed Sep 23,"Closed September 23, 2024","$95,000,000 total",ABSENT,SPECIFIC,nfwf.org,3,3,3,2,1,12,no eligibility criteria
ewp,Emergency Watershed Protection Program (EWP),Natural Resources Conservation Service (NRCS),Cost Share,https://ambrook.com/funding/ewp,OK,2026-07-23,-,ABSENT,ABSENT,PROSE,SPECIFIC,nrcs.usda.gov,3,2,3,1,2,11,no funding or cost-share information
feed-the-hunger-fund,Feed The Hunger Fund,Feed The Hunger Fund (FTHF),Loan,https://ambrook.com/funding/feed-the-hunger-fund,OK,2026-07-23,-,ABSENT,ABSENT,PROSE,SPECIFIC,feed-hunger.com,3,2,3,1,2,11,no funding amount or terms
fwp,Farmable Wetlands Program,Farm Service Agency (FSA),Easement,https://ambrook.com/funding/fwp,OK,2026-07-23,-,accepted throughout the year,ABSENT,PROSE,GENERIC,fsa.usda.gov,3,3,2,1,2,11,link goes to FSA state office locator only
fmpp,Farmers Market Promotion Program,Agricultural Marketing Service (AMS),Grant,https://ambrook.com/funding/fmpp,OK,2025-06-05,Closed Jun 5,"Closed June 27, 2025","25% cost match, no max",EXPLICIT,SPECIFIC,ams.usda.gov,2,3,3,2,3,13,listing says Closed Jun 5 page says June 27 2025
emp,Emerging Markets Program,Foreign Agricultural Service (FAS),Grant,https://ambrook.com/funding/emp,OK,2026-05-06,Due Aug 14,"Closed June 9, 2025","$500,000 max",EXPLICIT,SPECIFIC,fas.usda.gov,3,3,3,3,3,15,listing says Due Aug 14 page says Closed June 9 2025
florida-rural-and-family-lands-protection-program,Florida Rural and Family Lands Protection Program,Florida Department of Agriculture and Consumer Services (FDACS),Easement,https://ambrook.com/funding/florida-rural-and-family-lands-protection-program,OK,2025-10-29,Closed Jan 23,final day of application period as announced,"$400,000,000 total",EXPLICIT,SPECIFIC,fdacs.gov,3,2,3,2,3,13,listing says Closed Jan 23 page shows no dates
fact-conference-scholarships,Food Animal Concerns Trust Conference Scholarships,Food Animals Concerns Trust (FACT),Grant,https://ambrook.com/funding/fact-conference-scholarships,OK,2026-07-23,-,ABSENT,up to $400,EXPLICIT,GENERIC,docs.google.com,3,2,2,3,3,13,"Maximum Award Amount renders as January 1, 400"
farm-ownership-loans,Farm Ownership Loans,Farm Service Agency (FSA),Loan,https://ambrook.com/funding/farm-ownership-loans,OK,2026-07-23,-,ABSENT,"$600,000 direct",EXPLICIT,GENERIC,fsa.usda.gov,3,2,2,3,3,13,linked FSA fact sheet is for SDA loans not farm ownership
Farmer-bridge-assistance,Farmer Bridge Assistance (FBA),Farm Service Agency (FSA),Grant,https://ambrook.com/funding/Farmer-bridge-assistance,OK,2026-07-23,Closed Apr 17,"Closed April 17, 2026","$155,000 per producer",EXPLICIT,GENERIC,farmers.gov,3,3,2,3,3,14,links go to blank forms only
rafi-fcn,Farmers of Color Network Infrastructure Fund Grant,Rural Advancement Foundation International (RAFI),Grant,https://ambrook.com/funding/rafi-fcn,OK,2026-08-03,Closed Mar 24,"Closed March 24, 2026","$10,000",EXPLICIT,GENERIC,tfaforms.com,3,3,2,3,3,14,
farmers-advocating-for-organic-grant,Farmers Advocating For Organic Grant,Organic Valley,Grant,https://ambrook.com/funding/farmers-advocating-for-organic-grant,OK,2026-07-10,-,ABSENT,"$5,000-$50,000",EXPLICIT,GENERIC,grantinterface.com,3,2,2,3,3,13,
farm-start-seed-capital,Farmstart,Farm Credit East,Loan,https://ambrook.com/funding/farm-start-seed-capital,OK,2026-07-23,-,ABSENT,"$75,000",PROSE,GENERIC,farmcrediteast.com,3,2,2,3,2,12,
ecp,Emergency Conservation Program (ECP),Farm Service Agency (FSA),"Grant, Cost Share",https://ambrook.com/funding/ecp,OK,2026-07-23,-,ABSENT,"up to 75% cost share, $500,000",EXPLICIT,GENERIC,fsa.usda.gov,3,2,2,3,3,13,page carries unrelated FMPP/LFPP links
fpep,Fertilizer Investment & Expansion for Long-term Domestic Supply (FIELDS) Program,Rural Development (RD),Grant,https://ambrook.com/funding/fpep,OK,2026-07-23,Due Aug 17,"Due August 17, 2026","$100,000,000 vs $150 million",EXPLICIT,SPECIFIC,rd.usda.gov,3,3,3,3,3,15,maximum award contradicts itself
frontera-farmer-foundation,Frontera Farmer Foundation: Chicago Area Farms,Frontera,Grant,https://ambrook.com/funding/frontera-farmer-foundation,OK,2026-07-23,Closed Mar 5,"Closed March 5, 2026","$12,000 vs $15,000",EXPLICIT,SPECIFIC,rickbayless.com,3,3,3,3,3,15,maximum award contradicts itself
fscsc,Food Safety Certification for Specialty Crops Program (FSCSC),Farm Service Agency (FSA),Grant,https://ambrook.com/funding/fscsc,OK,2026-07-23,Closed Jan 31,"Closed January 31, 2026","up to $200 million, no per-op cap",EXPLICIT,SPECIFIC,farmers.gov,3,3,3,2,3,14,
food-supply-chain-guaranteed-loans,Food Supply Chain Guaranteed Loans,Rural Development (RD),Loan,https://ambrook.com/funding/food-supply-chain-guaranteed-loans,OK,2026-07-23,-,ABSENT,up to $40 million,PROSE,SPECIFIC,rd.usda.gov,3,2,3,3,2,13,
vermont-farmstead-best-management-practices-bmp,Farmstead Best Management Practices Program,"Vermont Agency of Agriculture, Food & Markets (VAAFM)",Grant,https://ambrook.com/funding/vermont-farmstead-best-management-practices-bmp,OK,2026-07-23,-,annually by April 1st,"$100,000",PROSE,SPECIFIC,agriculture.vermont.gov,3,3,3,3,2,14,
emergency-farm-loans,Emergency Farm Loans,Farm Service Agency (FSA),Loan,https://ambrook.com/funding/emergency-farm-loans,OK,2026-07-23,-,within eight months of designation,"$500,000",EXPLICIT,SPECIFIC,fsa.usda.gov,3,3,3,3,3,15,
efrp,Emergency Forest Restoration Program (EFRP),Farm Service Agency (FSA),"Grant, Cost Share",https://ambrook.com/funding/efrp,OK,2026-07-23,-,ABSENT,"up to 75%, $500,000 per person",EXPLICIT,SPECIFIC,fsa.usda.gov,3,2,3,3,3,14,
emergency-livestock-relief-program,Emergency Livestock Relief Program (ELRP),Farm Service Agency (FSA),Grant,https://ambrook.com/funding/emergency-livestock-relief-program,OK,2026-07-23,Closed Nov 21,"Closed November 21, 2025","$125,000 per program year",EXPLICIT,SPECIFIC,fsa.usda.gov,3,3,3,3,3,15,
emergency-resilience-grant,Emergency Resilience Grant,American Farmland Trust (AFT),Grant,https://ambrook.com/funding/emergency-resilience-grant,OK,2026-07-23,Closed Apr 26,"Closed April 26, 2025","$10,000",EXPLICIT,SPECIFIC,farmland.org,3,3,3,3,3,15,
eqip,Environmental Quality Incentives Program (EQIP),Natural Resources Conservation Service (NRCS),Grant,https://ambrook.com/funding/eqip,OK,2026-07-23,-,accepted throughout the year,advance of 50% for underserved,EXPLICIT,SPECIFIC,nrcs.usda.gov,3,3,3,2,3,14,
flsp,Farm Labor Stabilization and Protection,U.S. Department of Agriculture (USDA),Grant,https://ambrook.com/funding/flsp,OK,2026-07-23,Closed Jan 3,"Closed January 3, 2024","$2,000,000",EXPLICIT,SPECIFIC,ams.usda.gov,3,3,3,3,3,15,
fsfl,Farm Storage Facility Loan Program (FSFL),Farm Service Agency (FSA),Loan,https://ambrook.com/funding/fsfl,OK,2026-07-23,-,ABSENT,"up to $500,000 per loan",EXPLICIT,SPECIFIC,fsa.usda.gov,3,2,3,3,3,14,
farmer-veteran-fellowship,Farmer Veteran Coalition Fellowship Fund,Farmer Veteran Coalition (FVC),Grant,https://ambrook.com/funding/farmer-veteran-fellowship,OK,2026-07-23,Closed Feb 17,"Closed February 17, 2026","$5,000",EXPLICIT,SPECIFIC,farmvetco.org,3,3,3,3,3,15,
fruit-guys-community-fund,Fruit Guys Community Fund,The Fruit Guys,Grant,https://ambrook.com/funding/fruit-guys-community-fund,OK,2026-07-23,Closed Jan 30,"Closed January 30, 2026","up to $5,000",EXPLICIT,SPECIFIC,fruitguyscommunityfund.org,3,3,3,3,3,15,
expanding-agroforestry-production-and-markets-hawaii,Expanding Agroforestry Production and Markets - Hawai'i,The Nature Conservancy (TNC),Grant,https://ambrook.com/funding/expanding-agroforestry-production-and-markets-hawaii,OK,2026-08-03,Due Aug 11,"Due August 11, 2026","$450,000 through 2028",EXPLICIT,SPECIFIC,nature.org,3,3,3,3,3,15,
expanding-agroforestry-production-and-markets-lower-midwest,Expanding Agroforestry Production and Markets - Lower Midwest,The Nature Conservancy (TNC),Grant,https://ambrook.com/funding/expanding-agroforestry-production-and-markets-lower-midwest,OK,2026-08-03,Due Aug 11,"Due August 11, 2026","$450,000 through 2028",EXPLICIT,SPECIFIC,nature.org,3,3,3,3,3,15,
expanding-agroforestry-production-and-markets-mid-atlantic-central-appalachia,Expanding Agroforestry Production and Markets - Mid Atlantic / Central Appalachia,The Nature Conservancy (TNC),Grant,https://ambrook.com/funding/expanding-agroforestry-production-and-markets-mid-atlantic-central-appalachia,OK,2026-08-03,Due Aug 11,"Due August 11, 2026","$450,000 through 2028",EXPLICIT,SPECIFIC,nature.org,3,3,3,3,3,15,
expanding-agroforestry-production-and-markets-northeast,Expanding Agroforestry Production and Markets - Northeast,The Nature Conservancy (TNC),Grant,https://ambrook.com/funding/expanding-agroforestry-production-and-markets-northeast,OK,2026-08-03,Due Aug 11,"Deadline: August 11, 2026","$450,000 through 2028",EXPLICIT,SPECIFIC,nature.org,3,3,3,3,3,15,
expanding-agroforestry-production-and-markets-southeast,Expanding Agroforestry Production and Markets - Southeast,The Nature Conservancy (TNC),Grant,https://ambrook.com/funding/expanding-agroforestry-production-and-markets-southeast,OK,2026-08-03,Due Aug 11,"Due August 11, 2026","$450,000 through 2028",EXPLICIT,SPECIFIC,nature.org,3,3,3,3,3,15,
expanding-agroforestry-production-and-markets-upper-midwest,Expanding Agroforestry Production and Markets - Upper Midwest,The Nature Conservancy (TNC),Grant,https://ambrook.com/funding/expanding-agroforestry-production-and-markets-upper-midwest,OK,2026-08-03,Due Aug 11,"Due August 11, 2026","$450,000 through 2028",EXPLICIT,SPECIFIC,nature.org,3,3,3,3,3,15,
future-harvest-beginner-farmer-trainer-program,Future Harvest Beginner Farmer Trainer Program,Future Harvest,Education,https://ambrook.com/funding/future-harvest-beginner-farmer-trainer-program,OK,2026-07-23,Closed Nov 14,Closed Nov 14,ABSENT,PROSE,SPECIFIC,futureharvest.org,3,3,3,1,2,12,no funding amount
ccof-fof,Future Organic Farmers,California Certified Organic Farms (CCOF),Grant,https://ambrook.com/funding/ccof-fof,OK,2026-07-27,Opens Mar 22,Opens Mar 22,"$5,000",EXPLICIT,NONE,ABSENT,3,1,1,3,3,11,window March 17-April 18 2025 AND Deadline April 23 2027 contradictory
hebrew-general-needs-loan,General Needs Loan,Hebrew Free Loan Society (HFLS),Loan,https://ambrook.com/funding/hebrew-general-needs-loan,OK,2026-07-23,-,ABSENT,"$7,500",EXPLICIT,SPECIFIC,hfls.org,3,2,3,3,3,14,
grants-for-organic-transition,Grants for Organic Transition,California Certified Organic Farms (CCOF),Grant,https://ambrook.com/funding/grants-for-organic-transition,OK,2026-07-23,Closed Dec 10,Closed Dec 10,"$30,000",EXPLICIT,SPECIFIC,ccof.org,3,3,3,3,3,15,
svs,Grass Fed Small & Very Small Producer Program,Agricultural Marketing Service (AMS),Discount,https://ambrook.com/funding/svs,OK,2026-07-23,-,ABSENT,ABSENT,EXPLICIT,SPECIFIC,ams.usda.gov,3,2,3,1,3,12,only dollar figure is a $155/hour applicant fee
grazing-lands-conservation-initiative,Grazing Lands Conservation Initiative (GLCI),Natural Resources Conservation Service (NRCS),Grant,https://ambrook.com/funding/grazing-lands-conservation-initiative,OK,2026-07-23,Closed May 26,Closed May 26,"$1,000,000",PROSE,SPECIFIC,grants.gov,3,3,3,3,2,14,
steltenpohl-pragamatic-visionary-award,Greg Steltenpohl Pragmatic Visionary Award,Community Foundation Sonoma County,Grant,https://ambrook.com/funding/steltenpohl-pragamatic-visionary-award,OK,2026-07-23,Closed Jan 18,Closed Jan 18,"$100,000",EXPLICIT,SPECIFIC,pragmaticvisionaryaward.org,3,3,3,3,3,15,
grow-maine-direct-loan-program,Grow Maine Small Business Loan & Capital Direct Loan Program,Finance Authority of Maine (FAME),Loan,https://ambrook.com/funding/grow-maine-direct-loan-program,OK,2026-07-23,-,ABSENT,"$5,000,000",EXPLICIT,SPECIFIC,famemaine.com,3,2,3,3,3,14,
growing-marketing-and-measuring-the-climate-smart-impacts-of-organic-grain-field-crops,"Growing, Marketing, and Measuring the Climate-Smart Impacts of Organic Grain & Field Crops",Marbleseed,Grant,https://ambrook.com/funding/growing-marketing-and-measuring-the-climate-smart-impacts-of-organic-grain-field-crops,OK,2026-07-23,-,ABSENT,"$4,500,000 total",PROSE,SPECIFIC,marbleseed.org,3,2,3,2,2,12,body says at capacity for 2026 but no status shown
guaranteed-farm-loans,Guaranteed Farm Loans,Farm Service Agency (FSA),Loan,https://ambrook.com/funding/guaranteed-farm-loans,OK,2025-10-03,-,ABSENT,"$1,776,000",EXPLICIT,GENERIC,fsa.usda.gov,3,2,2,3,3,13,gov links go to lender list not the program page
hardship-assistance-fund,Hardship Assistance Fund,California Certified Organic Farms (CCOF),Grant,https://ambrook.com/funding/hardship-assistance-fund,OK,2026-07-23,Due Sep 25,Due Sep 25,"$20,000",EXPLICIT,NONE,ABSENT,3,3,1,3,3,13,no outbound source link
harvest-returns,Harvest Returns,Harvest Returns,Fundraising,https://ambrook.com/funding/harvest-returns,OK,2026-07-23,-,ABSENT,ABSENT,EXPLICIT,SPECIFIC,harvestreturns.com,3,2,3,2,3,13,"only average check size, no max"
hawaii-alternative-energy-loan-program,Hawaii Alternative Energy Loan Program,Hawaii Department of Agriculture & Biosecurity (DAB),Loan,https://ambrook.com/funding/hawaii-alternative-energy-loan-program,OK,2026-07-23,-,ABSENT,"$1,500,000",EXPLICIT,GENERIC,dab.hawaii.gov,3,2,2,3,3,13,source link is a loan-forms page
hawaii-aquaculture-loans,Hawaii Aquaculture Loans,Hawaii Department of Agriculture & Biosecurity (DAB),Loan,https://ambrook.com/funding/hawaii-aquaculture-loans,OK,2026-07-23,-,ABSENT,"$400,000",EXPLICIT,GENERIC,dab.hawaii.gov,3,2,2,3,3,13,source link is a loan-forms page
hawaii-food-manufacturing-loans,Hawaii Food Manufacturing Loans,Hawaii Department of Agriculture & Biosecurity (DAB),Loan,https://ambrook.com/funding/hawaii-food-manufacturing-loans,OK,2026-07-23,-,ABSENT,"$500,000",EXPLICIT,GENERIC,dab.hawaii.gov,3,2,2,3,3,13,source link is a loan-forms page
hawaii-new-farmer-loan,Hawaii New Farmer Loan,Hawaii Department of Agriculture & Biosecurity (DAB),Loan,https://ambrook.com/funding/hawaii-new-farmer-loan,OK,2026-07-23,-,ABSENT,"$250,000",EXPLICIT,GENERIC,dab.hawaii.gov,3,2,2,3,3,13,source link is a loan-forms page
hawaii-part-time-farmer-loan,Hawaii Part-Time Farmer Loan,Hawaii Department of Agriculture & Biosecurity (DAB),Loan,https://ambrook.com/funding/hawaii-part-time-farmer-loan,OK,2025-08-30,-,ABSENT,"$25,000",EXPLICIT,NONE,ABSENT,3,2,1,3,3,12,no outbound source link
hawaii-qualified-farmer-loan,Hawaii Qualified Farmer Loan,Hawaii Department of Agriculture & Biosecurity (DAB),Loan,https://ambrook.com/funding/hawaii-qualified-farmer-loan,OK,2026-07-23,-,ABSENT,"$800,000",EXPLICIT,GENERIC,dab.hawaii.gov,3,2,2,3,3,13,source link is a loan-forms page
healthy-food-financing-initiative,Healthy Food Financing Initiative,U.S. Department of Agriculture (USDA),Grant,https://ambrook.com/funding/healthy-food-financing-initiative,OK,2026-07-23,-,ABSENT,"grants $20,000-$250,000",EXPLICIT,SPECIFIC,investinginfood.com,3,2,3,3,3,14,agency listed as USDA but no .gov source link
hfrp,Healthy Forests Reserve Program,Natural Resources Conservation Service (NRCS),Easement,https://ambrook.com/funding/hfrp,OK,2026-07-23,-,ABSENT,ABSENT,EXPLICIT,SPECIFIC,nrcs.usda.gov,3,2,3,1,3,12,NRCS link uses retired wps/portal path
heirs-property-relending-program,Heir's Property Relending Program,Farm Service Agency (FSA),Loan,https://ambrook.com/funding/heirs-property-relending-program,OK,2026-07-23,-,two-month signup window in late August,"$600,000",EXPLICIT,SPECIFIC,farmers.gov,3,2,3,3,3,14,signup window given as late August with no year
farm-credit-east-scholarship-program,Higher Education Scholarship Program,Farm Credit East,Grant,https://ambrook.com/funding/farm-credit-east-scholarship-program,OK,2026-07-23,Closed Mar 16,Closed Mar 16,"$5,000",EXPLICIT,SPECIFIC,farmcrediteast.com,3,3,3,3,3,15,
hfil,Highly Fractionated Indian Land Loan Program (HFIL),Farm Service Agency (FSA),Loan,https://ambrook.com/funding/hfil,OK,2026-07-23,-,ABSENT,ABSENT,EXPLICIT,SPECIFIC,fsa.usda.gov,3,2,3,1,3,12,no funding information
agchoice-farm-startup-grant,"Horizon Farm Credit Young, Beginning, and Small (YBS) Farmer Grant Program",Horizon Farm Credit,Grant,https://ambrook.com/funding/agchoice-farm-startup-grant,OK,2026-07-23,Aug 21,Aug 21,"$20,000",EXPLICIT,SPECIFIC,horizonfc.com,3,3,3,3,3,15,listing chip Aug 21 carries no year and no Due/Closed label
id-scbgp,Idaho Specialty Crop Block Grant Program,Idaho State Department of Agriculture (ISDA),Grant,https://ambrook.com/funding/id-scbgp,OK,2026-07-23,Closed Mar 8,Closed Mar 8,ABSENT,PROSE,SPECIFIC,agri.idaho.gov,3,3,3,1,2,12,no funding amount
il-cover-crop,Illinois Cover Crop Premium Discount Program,Illinois Department of Agriculture (IDOA),Discount,https://ambrook.com/funding/il-cover-crop,OK,2026-07-23,Closed Jan 15,Closed Jan 15,up to $5 per acre,EXPLICIT,SPECIFIC,agr.illinois.gov,3,3,3,3,3,15,
illinois-finance-authority-beginning-farmer-bond-program,Illinois Finance Authority First-Time Farmer Bond Program,Illinois Financial Authority (IFA),Loan,https://ambrook.com/funding/illinois-finance-authority-beginning-farmer-bond-program,OK,2025-12-04,-,ABSENT,"$667,500",EXPLICIT,GENERIC,il-fa.com,3,2,2,3,3,13,only link is an application PDF
increasing-farm-resource-efficiency-by-utilizing-on-site-post-production-food-byproducts-into-innovative-fertilizers-and-climate-smart-commodities,Increasing Farm Resource Efficiency ... Innovative Fertilizers and Climate-Smart Commodities,Re-Nuble,Grant,https://ambrook.com/funding/increasing-farm-resource-efficiency-by-utilizing-on-site-post-production-food-byproducts-into-innovative-fertilizers-and-climate-smart-commodities,OK,2026-07-23,-,ABSENT,"$4,697,000 total",PROSE,SPECIFIC,re-nuble.com,3,2,3,2,2,12,no per-award amount
itlap,Indian Tribal Land Acquisition Loan Program (ITLAP),Farm Service Agency (FSA),Loan,https://ambrook.com/funding/itlap,OK,2026-07-23,-,ABSENT,ABSENT,EXPLICIT,SPECIFIC,fsa.usda.gov,3,2,3,1,3,12,two usda.gov links use retired wps/portal paths
indiana-friend-of-conservation-award,Indiana Friend of Conservation Award,Indiana Association of Soil and Water Conservation Districts,Grant,https://ambrook.com/funding/indiana-friend-of-conservation-award,OK,2026-07-23,Closed Mar 31,Closed Mar 31,ABSENT,PROSE,SPECIFIC,iaswcd.org,3,1,3,1,2,10,nomination period October 1 to March 31 has no year
great-lakes-restoration-initiative,Integrated Atmospheric Deposition Network,Great Lakes Restoration Initiative,Grant,https://ambrook.com/funding/great-lakes-restoration-initiative,OK,2026-07-23,Closed May 6,Closed May 6,"$7,200,000 total",EXPLICIT,SPECIFIC,epa.gov,3,3,3,2,3,14,timeline lines March 7 and May 6 have no year
ia-100,Iowa Century and Heritage Farm Programs,Iowa Department of Agriculture & Land Stewardship (IDALS),Discount,https://ambrook.com/funding/ia-100,OK,2026-07-23,Closed Jun 1,Closed Jun 1,ABSENT,EXPLICIT,SPECIFIC,iowaagriculture.gov,3,3,3,1,3,13,no funding amount
ia-crop-insurance-discount-program,Iowa Crop Insurance Discount Program,Iowa Department of Agriculture & Land Stewardship (IDALS),Grant,https://ambrook.com/funding/ia-crop-insurance-discount-program,OK,2026-07-23,-,ABSENT,up to $5/acre,PROSE,GENERIC,cleanwateriowa.org,3,2,2,3,2,12,no IDALS .gov source link
iowa-finance-authority-beginning-farmer-loan-program,Iowa Finance Authority Beginning Farmer Loan Program,Iowa Finance Authority,Loan,https://ambrook.com/funding/iowa-finance-authority-beginning-farmer-loan-program,OK,2026-07-23,-,by the first of the month,"$682,700",EXPLICIT,SPECIFIC,iowafinance.com,3,3,3,3,3,15,
ia-ipcp,Iowa Incentive Payments for Conservation Practices,Iowa Department of Agriculture & Land Stewardship (IDALS),Cost Share,https://ambrook.com/funding/ia-ipcp,OK,2026-07-23,-,ABSENT,ABSENT,EXPLICIT,SPECIFIC,iowaagriculture.gov,3,2,3,1,3,12,typed Cost Share but no rate or amount
ia-scbgp,Iowa Specialty Crop Block Grant Program,Iowa Department of Agriculture & Land Stewardship (IDALS),Grant,https://ambrook.com/funding/ia-scbgp,OK,2026-07-23,Closed Mar 6,Closed Mar 6,"$30,000",EXPLICIT,SPECIFIC,iowaagriculture.gov,3,3,3,3,3,15,
iowa-state-revolving-loan-fund,Iowa State Revolving Loan Fund,Iowa Department of Agriculture & Land Stewardship (IDALS),Loan,https://ambrook.com/funding/iowa-state-revolving-loan-fund,OK,2026-07-23,-,applications accepted year round,"$500,000 per borrower",PROSE,GENERIC,iowaagriculture.gov,3,3,2,3,2,13,only agency link is an application PDF
iowa-stormwater-best-management-practice-loans,Iowa Stormwater Best Management Practice Loans,Iowa Department of Agriculture & Land Stewardship (IDALS),Loan,https://ambrook.com/funding/iowa-stormwater-best-management-practice-loans,OK,2026-07-23,-,Applications accepted anytime,up to 100% of costs,PROSE,GENERIC,iowaagriculture.gov,3,3,2,2,2,12,percentage with no cap
iowa-tribe-center-for-excellence-in-regenerative-native-agriculture-(cerna)-innovation-pilot-program,Iowa Tribe Center for Excellence in Regenerative Native Agriculture (CERNA) Innovation Pilot Program,Iowa Tribe of Kansas and Nebraska,Grant,https://ambrook.com/funding/iowa-tribe-center-for-excellence-in-regenerative-native-agriculture-(cerna)-innovation-pilot-program,OK,2026-07-23,-,ABSENT,"$4,999,700 total",PROSE,GENERIC,cerna.org,3,2,2,2,2,11,no per-award amount
iowa-urban-conservation-projects-grant,Iowa Urban Conservation Projects Grant,Iowa Department of Agriculture & Land Stewardship (IDALS),Grant,https://ambrook.com/funding/iowa-urban-conservation-projects-grant,OK,2026-07-23,Closed May 22,Closed May 22,not to exceed 50% cost,EXPLICIT,GENERIC,iowaagriculture.gov,3,1,2,2,3,11,status Closed May 22 2026 contradicts body timeline from 2023-2024
john-may-farm-safety-fund,John May Farm Safety Fund,New York Center for Agricultural Medicine and Health (NYCAMH),Cost Share,https://ambrook.com/funding/john-may-farm-safety-fund,OK,2026-07-28,-,submitted at any time,"50% max $5,000",EXPLICIT,SPECIFIC,nycamh.org,3,3,3,3,3,15,
jclrp,Joint Chiefs' Landscape Restoration Partnership,Forest Service (FS),"Grant, Cost Share",https://ambrook.com/funding/jclrp,OK,2026-07-23,-,ABSENT,"$55,000,000 total",ABSENT,SPECIFIC,nrcs.usda.gov,3,2,3,3,1,12,no eligibility information
kansas-development-finance-authority-beginning-farmer-bond-program,Kansas Development Finance Authority Beginning Farmer Bond Program,Kansas Development Finance Authority,Loan,https://ambrook.com/funding/kansas-development-finance-authority-beginning-farmer-bond-program,OK,2025-07-10,-,ABSENT,"$649,400 cap",EXPLICIT,SPECIFIC,kdfa.org,2,2,3,3,3,13,last updated over 12 months ago
kentucky-agricultural-finance-corporation-beginning-farmer-loan-program,Kentucky Agricultural Finance Corporation Beginning Farmer Loan Program,Kentucky Department of Agriculture (KYDA),Loan,https://ambrook.com/funding/kentucky-agricultural-finance-corporation-beginning-farmer-loan-program,OK,2026-01-28,-,ABSENT,"$250,000",EXPLICIT,SPECIFIC,kyagr.com,3,2,3,3,3,14,
ky-hort-gap,Kentucky Horticulture Council Third Party GAPs Audit Cost-Share Grant,Kentucky Horticulture Council,Cost Share,https://ambrook.com/funding/ky-hort-gap,OK,2026-07-23,Closed Dec 15,"Closed December 15, 2025","75% max $1,250",EXPLICIT,SPECIFIC,kyagr.com,3,3,3,3,3,15,
ky-proud-promotional,Kentucky Proud Promotional Grant,Kentucky Department of Agriculture (KYDA),Grant,https://ambrook.com/funding/ky-proud-promotional,OK,2026-07-23,-,due last day of the month,"$8,000 max",EXPLICIT,SPECIFIC,kyagr.com,3,3,3,3,3,15,
ky-sftc,Kentucky Selling Farmer Tax Credit Program,Kentucky Cabinet for Economic Development,Grant,https://ambrook.com/funding/ky-sftc,OK,2026-07-23,-,within twelve months after sale,up to 5% of sale price,EXPLICIT,SPECIFIC,cedky.com,3,3,3,3,3,15,
kentucky-small-scale-farm-grant,Kentucky Small Scale Farm Grant,Kentucky State University (KYSU),Grant,https://ambrook.com/funding/kentucky-small-scale-farm-grant,OK,2026-07-23,-,ABSENT,"$5,000 per application",EXPLICIT,SPECIFIC,kysu.edu,3,2,3,3,3,14,refers to application periods but shows no dates
ky-wia-cs,Kentucky Women in Agriculture College Scholarship,Kentucky Women In Agriculture (KYWIA),Grant,https://ambrook.com/funding/ky-wia-cs,OK,2026-07-27,Closed Jun 30,"Closed June 30, 2026","$1,000",EXPLICIT,SPECIFIC,kywomeninag.com,3,3,3,3,3,15,
kiva-loan,Kiva Loans,Kiva,Loan,https://ambrook.com/funding/kiva-loan,OK,2026-07-23,-,ABSENT,ABSENT,EXPLICIT,SPECIFIC,kiva.org,3,2,3,1,3,12,no funding amount
lakewinds-organic-field-fund,Lakewinds Organic Field Fund,Lakewinds Food Co-op,Grant,https://ambrook.com/funding/lakewinds-organic-field-fund,OK,2026-07-23,Opens Jan 1,accepted January 1-31 each year,"$8,000 per farm",EXPLICIT,NONE,ABSENT,3,3,1,3,3,13,no outbound source link
launching-the-north-valley-food-hub-for-climate-smart-agriculture,Launching The North Valley Food Hub for Climate-Smart Agriculture,Chico State Enterprises,Grant,https://ambrook.com/funding/launching-the-north-valley-food-hub-for-climate-smart-agriculture,OK,2026-07-10,-,ABSENT,"$4,999,800 total",PROSE,SPECIFIC,csuchico.edu,3,2,3,3,2,13,
ut-clcp,LeRay McAllister Working Farm and Ranch Fund,Utah Department of Agriculture and Food (UDAF),Grant,https://ambrook.com/funding/ut-clcp,OK,2026-07-23,-,ABSENT,"$3,000,000 total",EXPLICIT,SPECIFIC,ag.utah.gov,3,2,3,3,3,14,no per-applicant maximum
leopold-conservation-award,Leopold Conservation Award,Sand County Foundation,Grant,https://ambrook.com/funding/leopold-conservation-award,OK,2026-07-23,-,deadlines in beginning of calendar year,"$10,000",PROSE,SPECIFIC,sandcountyfoundation.org,3,2,3,3,2,13,no actual deadline date
lesser-prairie-chicken-initiative,Lesser Prairie-Chicken Initiative,Working Lands for Wildlife,Grant,https://ambrook.com/funding/lesser-prairie-chicken-initiative,OK,2026-07-23,-,ABSENT,covers part of the cost,EXPLICIT,SPECIFIC,nrcs.usda.gov,3,2,3,2,3,13,no dollar figure or percentage
livestock-conservancy-emergency-response-fund,Livestock Conservancy Emergency Response Fund,The Livestock Conservancy,Grant,https://ambrook.com/funding/livestock-conservancy-emergency-response-fund,OK,2026-07-23,-,ABSENT,"$1,000",PROSE,GENERIC,livestockconservancy.org,3,2,2,3,2,12,
livestock-conservancy-microgrant-program,Livestock Conservancy Heritage Livestock Microgrant Program,The Livestock Conservancy,Grant,https://ambrook.com/funding/livestock-conservancy-microgrant-program,OK,2025-08-29,Due Aug 15,"Closed August 15, 2024","$500-$2,000",EXPLICIT,GENERIC,livestockconservancy.org,3,3,2,3,3,14,listing shows Due Aug 15 but page shows Closed August 15 2024
lfp,Livestock Forage Disaster Program (LFP),Farm Service Agency (FSA),Grant,https://ambrook.com/funding/lfp,OK,2026-07-23,-,within 30 days after end of calendar year,"$125,000 limit",EXPLICIT,SPECIFIC,fsa.usda.gov,3,3,3,3,3,15,
lip,Livestock Indemnity Program (LIP),Farm Service Agency (FSA),Grant,https://ambrook.com/funding/lip,OK,2026-07-23,-,notice of loss within 30 days,75% of market value,EXPLICIT,SPECIFIC,fsa.usda.gov,3,3,3,2,3,14,percentage with no cap
lamp,Local Agriculture Market Program,Agricultural Marketing Service (AMS),Grant,https://ambrook.com/funding/lamp,OK,2026-06-29,Closed Jun 5,"Closed June 5, 2026","$32,400,000 total",ABSENT,SPECIFIC,ams.usda.gov,3,3,3,3,1,13,no eligibility information
lfpp,Local Food Promotion Program,Agricultural Marketing Service (AMS),Grant,https://ambrook.com/funding/lfpp,OK,2026-07-23,Closed Jun 5,"Closed June 5, 2026","$500,000 maximum",EXPLICIT,SPECIFIC,ams.usda.gov,3,3,3,3,3,15,
long-island-aquaculture-infrastructure-grant,Long Island Aquaculture Infrastructure Grant Round 2,New York Department of Agriculture and Markets (NYDAM),Grant,https://ambrook.com/funding/long-island-aquaculture-infrastructure-grant,OK,2026-07-23,Closed Jan 5,"Closed January 5, 2026","$250,000 maximum",EXPLICIT,SPECIFIC,agriculture.ny.gov,3,3,3,3,3,15,
longleaf-pine-initiative,Longleaf Pine Initiative (LLPI),Natural Resources Conservation Service (NRCS),Grant,https://ambrook.com/funding/longleaf-pine-initiative,OK,2026-07-23,-,continuous basis,ABSENT,EXPLICIT,SPECIFIC,nrcs.usda.gov,3,3,3,1,3,13,no funding information
low-carbon-beef-usda-pilot-program,Low Carbon Technologies - Advancing Markets for Producers (AMP),Low Carbon Beef,Grant,https://ambrook.com/funding/low-carbon-beef-usda-pilot-program,OK,2026-07-23,Closed Jun 15,"Closed June 15, 2022","$10,000,000 total",PROSE,NONE,ABSENT,3,3,1,3,2,12,no source link; closed since 2022 yet page updated July 2026
mad-agriculture,Mad Agriculture Perennial Fund,Mad Agriculture,Loan,https://ambrook.com/funding/mad-agriculture,OK,2026-07-23,-,ABSENT,ABSENT,PROSE,NONE,ABSENT,3,2,1,1,2,9,no source link and no funding information
mad-capital,Mad Capital,Mad Agriculture,Loan,https://ambrook.com/funding/mad-capital,OK,2026-07-23,-,ABSENT,"$1,500,000",PROSE,GENERIC,madcapital.com,3,2,2,3,2,12,links only to lender homepage
main-street-capital-loan-fund,Main Street Capital Loan Fund,Pursuit Lending,Loan,https://ambrook.com/funding/main-street-capital-loan-fund,OK,2026-07-23,-,ABSENT,"$100,000",EXPLICIT,GENERIC,cirrussecure.com,3,2,2,3,3,13,only link is a third-party pre-application form
me-amlf,Maine Agricultural Marketing Loan Fund,"Maine Department of Agriculture, Conservation, and Forestry (ME DACF)",Loan,https://ambrook.com/funding/me-amlf,OK,2026-07-23,-,within 90 days,"$250,000",EXPLICIT,SPECIFIC,maine.gov,3,2,3,3,3,14,
me-dif,Maine Dairy Improvement Fund,"Maine Department of Agriculture, Conservation, and Forestry (ME DACF)",Loan,https://ambrook.com/funding/me-dif,OK,2026-07-23,-,within 90 days,"$250,000",EXPLICIT,SPECIFIC,famemaine.com,3,2,3,3,3,14,
me-potato-marketing-improvement,Maine Potato Marketing Improvement Fund,"Maine Department of Agriculture, Conservation, and Forestry (ME DACF)",Loan,https://ambrook.com/funding/me-potato-marketing-improvement,OK,2026-07-23,-,ABSENT,ABSENT,PROSE,SPECIFIC,famemaine.com,3,2,3,1,2,11,no funding information
mn-new-markets-cost-share,Make it Minnesota Cost-Share Program,Minnesota Department of Agriculture (MDA),Cost Share,https://ambrook.com/funding/mn-new-markets-cost-share,OK,2026-07-28,Closed Jun 30,"Closed June 30, 2026","$4,000 or $3,000",EXPLICIT,GENERIC,mda.state.mn.us,3,3,2,3,3,14,agency link is a generic grant guide
marbleseed-mentorship-program,Marbleseed Farmer-to-Farmer Mentorship Program,Marbleseed,Discount,https://ambrook.com/funding/marbleseed-mentorship-program,OK,2026-07-23,Closed Nov 15,"Closed November 15, 2025",ABSENT,EXPLICIT,GENERIC,salsalabs.org,3,3,2,1,3,12,no funding information
mal,Marketing Assistance Loans,Farm Service Agency (FSA),Loan,https://ambrook.com/funding/mal,OK,2026-07-23,-,"until January 31st, March 31st or May 31st",ABSENT,EXPLICIT,SPECIFIC,fsa.usda.gov,3,3,3,1,3,13,availability end dates given with no year
marketing-assistance-specialty-crops,Marketing Assistance for Specialty Crops,U.S. Department of Agriculture (USDA),Grant,https://ambrook.com/funding/marketing-assistance-specialty-crops,OK,2026-07-23,Closed Jan 10,"Closed January 10, 2025","$125,000 limitation",EXPLICIT,SPECIFIC,fsa.usda.gov,3,3,3,3,3,15,listing shows Closed Jan 10 with no year
muaclig,Maryland Urban Agriculture Commercial Lending Incentive Grant,MARBIDCO,Grant,https://ambrook.com/funding/muaclig,OK,2026-07-23,-,ABSENT,"$15,000 equipment $35,000 real property",EXPLICIT,SPECIFIC,marbidco.org,3,2,3,3,3,14,
aip,Massachusetts APR Improvement Program,Massachusetts Department of Agricultural Resources (MDAR),Grant,https://ambrook.com/funding/aip,OK,2026-07-23,Closed Apr 18,"Closed April 18, 2024","$60,000-$120,000 vs up to $150,000",EXPLICIT,SPECIFIC,mass.gov,3,3,3,3,3,15,page states two contradictory funding and match terms
ma-acre,Massachusetts Agricultural Climate Resiliency & Efficiencies Program,Massachusetts Department of Agricultural Resources (MDAR),Grant,https://ambrook.com/funding/ma-acre,OK,2026-08-03,Closed May 7,"Deadline May 7, 2026","80% up to $50,000",EXPLICIT,SPECIFIC,mass.gov,3,3,3,3,3,15,
ma-agricultural-energy-grant-program,Massachusetts Agricultural Energy Grant Program,Massachusetts Department of Agricultural Resources (MDAR),Grant,https://ambrook.com/funding/ma-agricultural-energy-grant-program,OK,2026-08-03,Closed May 7,"Closed May 7, 2026","80% up to $50,000",EXPLICIT,SPECIFIC,mass.gov,3,3,3,3,3,15,
ma-aeep,Massachusetts Agricultural Environmental Enhancement Program,Massachusetts Department of Agricultural Resources (MDAR),Grant,https://ambrook.com/funding/ma-aeep,OK,2026-08-03,Closed May 7,"Closed May 7, 2026","80% up to $50,000",EXPLICIT,SPECIFIC,mass.gov,3,1,3,3,3,13,body says Check back in early 2022 contradicting Closed May 7 2026
apsip,Massachusetts Agricultural Food Safety Improvement Program,Massachusetts Department of Agricultural Resources (MDAR),Grant,https://ambrook.com/funding/apsip,OK,2026-07-23,Closed Jun 18,"Closed December 31, 2024",ABSENT,EXPLICIT,GENERIC,nifa.usda.gov,3,3,2,1,3,12,page content is a different program than the listing
ma-agricultural-preservation-restriction-program,Massachusetts Agricultural Preservation Restriction Program,Massachusetts Department of Agricultural Resources (MDAR),Easement,https://ambrook.com/funding/ma-agricultural-preservation-restriction-program,OK,2026-07-23,-,rolling basis,ABSENT,EXPLICIT,SPECIFIC,mass.gov,3,3,3,2,3,14,cites the current deadline but no deadline shown
ma-csap,Massachusetts Climate Smart Agriculture Program,Massachusetts Department of Agricultural Resources (MDAR),Grant,https://ambrook.com/funding/ma-csap,OK,2026-07-10,Closed May 7,"Closed May 7, 2026","up to $50,000 per project area",EXPLICIT,SPECIFIC,mass.gov,3,3,3,3,3,15,
fvep,Massachusetts Farm Viability Enhancement Program,Massachusetts Department of Agricultural Resources (MDAR),Grant,https://ambrook.com/funding/fvep,OK,2026-07-23,Closed Jan 1,"Closed January 1, 2025","$175,000",EXPLICIT,SPECIFIC,mass.gov,3,3,3,3,3,15,"closed date is the 2025 cycle, no current cycle shown"
mfvp,Massachusetts Food Ventures Program,Massachusetts Department of Agricultural Resources (MDAR),Grant,https://ambrook.com/funding/mfvp,OK,2026-07-23,Closed May 28,"Deadline: May 28, 2026",ABSENT,EXPLICIT,GENERIC,commbuys.com,3,3,2,1,3,12,Release Date May 1 2025 vs Deadline May 28 2026 mismatch
ma-society-for-promoting-agriculture-grant,Massachusetts Society For Promoting Agriculture Grant,The Massachusetts Society for Promoting Agriculture (MSPA),Grant,https://ambrook.com/funding/ma-society-for-promoting-agriculture-grant,OK,2026-07-23,-,ABSENT,"$25,000",PROSE,SPECIFIC,promotingmassag.org,3,2,3,3,2,13,no deadline or window shown
mdar-urban-ag,Massachusetts Urban Agriculture Program,Massachusetts Department of Agricultural Resources (MDAR),Grant,https://ambrook.com/funding/mdar-urban-ag,OK,2026-07-23,Closed May 18,"Closed May 18, 2026","$100,000",EXPLICIT,GENERIC,commbuys.com,3,3,2,3,3,14,no mass.gov program link
mppep,Meat and Poultry Processing Expansion Program,Rural Development (RD),Grant,https://ambrook.com/funding/mppep,OK,2026-07-23,Due Aug 7,"Due August 7, 2026",$25 million or 20% of costs,EXPLICIT,SPECIFIC,rd.usda.gov,3,3,3,3,3,15,
the-michigan-climate-smart-farm-project,Michigan Conservation Stewardship for Farmers Project (MCSFP),Michigan Association of Conservation Districts,Grant,https://ambrook.com/funding/the-michigan-climate-smart-farm-project,OK,2026-07-23,-,Enrollment is open now,"$4,720,000 total",PROSE,SPECIFIC,macd.org,3,2,3,2,2,12,listing name differs from page name
mi-crosshatch-microloan,Michigan Crosshatch Microloan,Crosshatch Center for Art and Ecology,Loan,https://ambrook.com/funding/mi-crosshatch-microloan,OK,2026-07-23,Closed Feb 17,"Closed February 17, 2026","$500-$10,000",EXPLICIT,SPECIFIC,crosshatch.org,3,3,3,3,3,15,
mi-faip,Michigan Food and Agriculture Investment Program,Michigan Department of Agriculture and Rural Development (MDARD),Grant,https://ambrook.com/funding/mi-faip,OK,2026-07-23,-,ABSENT,ABSENT,EXPLICIT,SPECIFIC,michigan.gov,3,2,3,1,3,12,no deadline and no funding amount
mi-rural-dev,Michigan Rural Development Fund Grants,Michigan Department of Agriculture and Rural Development (MDARD),Grant,https://ambrook.com/funding/mi-rural-dev,OK,2026-07-23,Closed Dec 3,"Closed December 3, 2025","maximum $100,000",EXPLICIT,SPECIFIC,michigan.gov,3,3,3,3,3,15,
mi-valued-added-and-regional-food-systems-grants,"Michigan Underserved, Value-Added, Regional Food Systems, and Supply Chain Grant",Michigan Department of Agriculture and Rural Development (MDARD),Grant,https://ambrook.com/funding/mi-valued-added-and-regional-food-systems-grants,OK,2026-07-23,Closed Apr 15,"Closed April 15, 2026","maximum $100,000",EXPLICIT,SPECIFIC,michigan.gov,3,3,3,3,3,15,linked application form and guidelines are 2023 vintage
nm-micro-loan,Micro-Loan Program for New Mexico Farmers,New Mexico Farmers' Marketing Association (NMFMA),Loan,https://ambrook.com/funding/nm-micro-loan,OK,2026-07-23,-,ABSENT,"$3,000",EXPLICIT,SPECIFIC,newmexicofma.org,3,2,3,3,3,14,only source document is dated 2018
microloans,Microloan Programs,Farm Service Agency (FSA),Loan,https://ambrook.com/funding/microloans,OK,2026-07-10,-,ABSENT,"$50,000",EXPLICIT,SPECIFIC,fsa.usda.gov,3,2,3,3,3,14,no deadline or rolling statement
dairy-donation-program,Milk Donation Reimbursement Program,Agricultural Marketing Service (AMS),Grant,https://ambrook.com/funding/dairy-donation-program,OK,2026-07-23,-,rolling basis,$5 million per fiscal year,EXPLICIT,SPECIFIC,ams.usda.gov,3,3,3,2,3,14,duplicate of milk-donation-reimbursement-program
milk-donation-reimbursement-program,Milk Donation Reimbursement Program,Agricultural Marketing Service (AMS),Grant,https://ambrook.com/funding/milk-donation-reimbursement-program,OK,2026-07-23,-,rolling basis,$5 million per fiscal year,PROSE,SPECIFIC,ams.usda.gov,3,3,3,2,2,13,duplicate of dairy-donation-program
milklossassist,Milk Loss Program (MLP),U.S. Department of Agriculture (USDA),Grant,https://ambrook.com/funding/milklossassist,OK,2026-07-23,Closed Jan 23,"Closed January 23, 2026","$1,650,000",EXPLICIT,NONE,ABSENT,3,3,1,3,3,13,no outbound source link
mn-agri-livestock-investment,Minnesota AGRI Livestock Investment Grant,Minnesota Department of Agriculture (MDA),Grant,https://ambrook.com/funding/mn-agri-livestock-investment,OK,2026-07-23,Closed Nov 13,"Closed November 13, 2025","maximum $25,000 per fiscal year",EXPLICIT,SPECIFIC,mda.state.mn.us,3,3,3,3,3,15,
mn-sustainable-agriculture-demonstration-grant,Minnesota AGRI Sustainable Agriculture Demonstration Grant,Minnesota Department of Agriculture (MDA),Grant,https://ambrook.com/funding/mn-sustainable-agriculture-demonstration-grant,OK,2026-07-23,Closed Dec 17,"closed on December 17, 2025","up to $50,000 per project",EXPLICIT,NONE,ABSENT,3,3,1,3,3,13,no outbound source link
mn-agri-urban-agriculture-grant,Minnesota AGRI Urban Agriculture Grant,Minnesota Department of Agriculture (MDA),Grant,https://ambrook.com/funding/mn-agri-urban-agriculture-grant,OK,2026-07-23,Closed Feb 26,"Closed February 26, 2026","$75,000",EXPLICIT,SPECIFIC,mda.state.mn.us,3,3,3,3,3,15,
agri-value-added,Minnesota AGRI Value-Added Grant Program,Minnesota Department of Agriculture (MDA),Grant,https://ambrook.com/funding/agri-value-added,OK,2026-07-23,Closed Jun 17,"Closed June 17, 2026","maximum $150,000",PROSE,SPECIFIC,mda.state.mn.us,3,3,3,3,2,14,
mn-beginning-farmer-tax-credit,Minnesota Beginning Farmer Tax Credit,Minnesota Department of Agriculture (MDA),Discount,https://ambrook.com/funding/mn-beginning-farmer-tax-credit,OK,2026-07-23,Due Nov 1,"Due November 1, 2026","up to $50,000 sale credit",EXPLICIT,SPECIFIC,mda.state.mn.us,3,3,3,3,3,15,sub-deadline July 17 2026 already passed; linked forms 2022-2023
mn-dbpg,Minnesota Dairy Business Planning Grant,Minnesota Department of Agriculture (MDA),Grant,https://ambrook.com/funding/mn-dbpg,OK,2026-01-15,Due Jun 30,"Deadline June 30, 2026","50% up to $5,000",PROSE,NONE,ABSENT,3,1,1,3,2,10,Due date already passed but still shown as the deadline
mn-dpa,Minnesota Down Payment Assistance Grant Program,Minnesota Department of Agriculture (MDA),Grant,https://ambrook.com/funding/mn-dpa,OK,2026-07-23,Due Aug 31,"Due August 31, 2026","$20,000 per grant",EXPLICIT,SPECIFIC,mda.state.mn.us,3,1,3,3,3,13,header contradicts body window July 1 to July 31 2023
mn-mpmpg,"Minnesota Meat, Poultry, and Milk Processing Grant",Minnesota Department of Agriculture (MDA),Grant,https://ambrook.com/funding/mn-mpmpg,OK,2026-07-23,Closed Jun 17,"Closed June 17, 2026","maximum $150,000",EXPLICIT,SPECIFIC,mda.state.mn.us,3,3,3,3,3,15,
mn-nmi,Minnesota Nutrient Management Initiative,Minnesota Department of Agriculture (MDA),Grant,https://ambrook.com/funding/mn-nmi,OK,2026-07-23,Closed Mar 15,"Closed March 15, 2025","$1,500",EXPLICIT,SPECIFIC,mda.state.mn.us,3,1,3,3,3,13,status contradicts body saying deadline is March 15th each year
minnesota-rural-finance-authority-beginning-farmer-loan-program,Minnesota Rural Finance Authority Beginning Farmer Loan Program,Minnesota Rural Finance Authority,Loan,https://ambrook.com/funding/minnesota-rural-finance-authority-beginning-farmer-loan-program,OK,2026-07-23,-,ABSENT,"45% up to $500,000",EXPLICIT,SPECIFIC,mda.state.mn.us,3,2,3,3,3,14,
mn-scbgp,Minnesota Specialty Crop Block Grant Program,Minnesota Department of Agriculture (MDA),Grant,https://ambrook.com/funding/mn-scbgp,OK,2026-07-23,Closed Feb 11,"due 4 p.m. February 11, 2026","maximum $125,000",EXPLICIT,SPECIFIC,mda.state.mn.us,3,3,3,3,3,15,body still reads applications are due for a passed date
mn-wolf-prevention,Minnesota Wolf-Livestock Conflict Prevention Grants,Minnesota Department of Agriculture (MDA),Grant,https://ambrook.com/funding/mn-wolf-prevention,OK,2026-07-23,Closed Jan 3,"Closed January 3, 2025","$60,000",EXPLICIT,SPECIFIC,mda.state.mn.us,3,3,3,3,3,15,closed date is the Jan 2025 cycle
mississippi-river-basin-healthy-watersheds-initiative,Mississippi River Basin Healthy Watersheds Initiative (MRBI),Natural Resources Conservation Service (NRCS),Grant,https://ambrook.com/funding/mississippi-river-basin-healthy-watersheds-initiative,OK,2026-07-23,-,ABSENT,"$480,000,000 total",PROSE,SPECIFIC,nrcs.usda.gov,3,2,3,2,2,12,only NRCS link is an image-credit link
missouri-agricultural-and-small-business-development-authority-beginning-farmer-loan-program,Missouri Agricultural and Small Business Development Authority Beginning Farmer Loan Program,Missouri Department of Agriculture (MODA),Loan,https://ambrook.com/funding/missouri-agricultural-and-small-business-development-authority-beginning-farmer-loan-program,OK,2026-07-23,-,ABSENT,"$682,700",EXPLICIT,SPECIFIC,agriculture.mo.gov,3,2,3,3,3,14,
mo-urban-ag,Missouri Urban Agriculture Cost-Share Grant Program,Missouri Department of Agriculture (MODA),Grant,https://ambrook.com/funding/mo-urban-ag,OK,2026-07-23,Closed Sep 15,"Closed September 15, 2025","75% up to $10,000",EXPLICIT,SPECIFIC,agriculture.mo.gov,3,3,3,3,3,15,
monarch-butterfly-conservation,Monarch Butterfly Conservation,Natural Resources Conservation Service (NRCS),Grant,https://ambrook.com/funding/monarch-butterfly-conservation,OK,2026-07-23,-,accepted throughout the year,ABSENT,PROSE,SPECIFIC,nrcs.usda.gov,3,3,3,1,2,12,no funding information
w-monarch,Monarchs and More Western Habitat Program,The Monarch Joint Venture,Wildlife & Pollinator Habitat,https://ambrook.com/funding/w-monarch,OK,2026-07-23,Closed May 1,"Closed May 1, 2025",ABSENT,PROSE,GENERIC,mjv.nyc3.cdn.digitaloceanspaces.com,3,1,2,1,2,9,header contradicts body saying rolling basis; body says May 1st with no year
mn-dpap,Montana Down Payment Assistance Program,Montana Board of Investments,Loan,https://ambrook.com/funding/mn-dpap,OK,2026-07-23,-,ABSENT,"maximum loan $3,000,000",EXPLICIT,SPECIFIC,investmentmt.com,3,2,3,3,3,14,slug mn-dpap is a Montana program under a MN-style slug
montana-growth-through-agriculture-program,Montana Growth Through Agriculture Program,Montana Department of Agriculture (MDA),Grant,https://ambrook.com/funding/montana-growth-through-agriculture-program,OK,2026-07-23,Closed Feb 2,"February 2, 2026 full applications due","maximum $100,000",EXPLICIT,SPECIFIC,agr.mt.gov,3,3,3,3,3,15,duplicate of montana-gta with a different maximum
montana-gta,Montana Growth Through Agriculture Program,Montana Department of Agriculture (MDA),Grant,https://ambrook.com/funding/montana-gta,OK,2026-07-23,Closed Feb 2,"Closed February 2, 2026","maximum $150,000",EXPLICIT,SPECIFIC,agr.mt.gov,3,3,3,3,3,15,duplicate of montana-growth-through-agriculture-program with a different maximum
mt-junior-ag,Montana Junior Agriculture Loan Program,Montana Department of Agriculture (MDA),Loan,https://ambrook.com/funding/mt-junior-ag,OK,2026-07-23,-,ABSENT,"$8,500 ages 12-21",EXPLICIT,SPECIFIC,agr.mt.gov,3,2,3,3,3,14,no deadline or window shown
montana-nwtf,Montana Noxious Weed Trust Fund Grant Program,Montana Department of Agriculture (MDA),Grant,https://ambrook.com/funding/montana-nwtf,OK,2026-07-23,Opens Sep 1,"Opens September 1, 2026","up to $75,000 per project",PROSE,SPECIFIC,agr.mt.gov,3,3,3,3,2,14,linked due-dates PDF is 2020-2021
montana-pulse-marketing,Montana Pulse Crop Marketing,Montana Department of Agriculture (MDA),Marketing,https://ambrook.com/funding/montana-pulse-marketing,OK,2026-07-23,Closed Feb 16,RFP open Dec 12 2025 closes Feb 16 2026,ABSENT,PROSE,NONE,ABSENT,3,3,1,1,2,10,no outbound source link and no funding amount
mt-rural-assistance,Montana Rural Assistance Loans,Montana Department of Agriculture (MDA),Loan,https://ambrook.com/funding/mt-rural-assistance,OK,2026-07-23,-,ABSENT,"$75,000",EXPLICIT,SPECIFIC,agr.mt.gov,3,2,3,3,3,14,
mt-scbgp,Montana Specialty Crop Block Grant Program,Montana Department of Agriculture (MDA),Grant,https://ambrook.com/funding/mt-scbgp,OK,2026-07-23,Closed Feb 27,"Closed February 27, 2026",ABSENT,PROSE,SPECIFIC,agr.mt.gov,3,3,3,1,2,12,no funding amount
national-water-quality-initiative,National Water Quality Initiative (NWQI),Natural Resources Conservation Service (NRCS),Grant,https://ambrook.com/funding/national-water-quality-initiative,OK,2026-07-23,-,ABSENT,ABSENT,ABSENT,SPECIFIC,nrcs.usda.gov,3,2,3,1,1,10,no funding and no eligibility info
nafss,Native Agriculture & Food Systems Scholarship,First Nations Development Institute,Grant,https://ambrook.com/funding/nafss,OK,2026-07-23,Closed Jun 16,"Closed June 16, 2026","$1,500",EXPLICIT,SPECIFIC,firstnations.org,3,3,3,3,3,15,
natives-improved-grazing-carbon-program,Native's Improved Grazing Carbon Program,Native,Environmental Market,https://ambrook.com/funding/natives-improved-grazing-carbon-program,OK,2026-08-05,-,ABSENT,ABSENT,EXPLICIT,GENERIC,westernsustainabilityexchange.org,3,2,2,1,3,11,payment rates stated as not published
nifa,Nebraska Investment Finance Authority: Beginning Farmer and Rancher Program,Nebraska Investment Finance Authority (NIFA),Loan,https://ambrook.com/funding/nifa,OK,2026-07-23,-,ABSENT,"$552,500",EXPLICIT,SPECIFIC,nifa.org,3,2,3,3,3,14,
nevada-specialty-crop-block-grant-program,Nevada Specialty Crop Block Grant Program,Nevada Department of Agriculture (NDA),Grant,https://ambrook.com/funding/nevada-specialty-crop-block-grant-program,OK,2026-07-23,Closed Mar 31,"Closed March 31, 2026","$267,239 total",EXPLICIT,SPECIFIC,agri.nv.gov,3,1,3,3,3,13,status contradicts body citing Dec 2023 and Feb 2024 dates
new-england-climate-smart-forest-partnership-project,New England Climate-Smart Forest Partnership Project,New England Forestry Foundation,Grant,https://ambrook.com/funding/new-england-climate-smart-forest-partnership-project,OK,2025-09-20,-,"Closed June 7, 2024","$30,000,000 total",PROSE,NONE,ABSENT,3,3,1,3,2,12,no outbound source link
ny-dairy-promotion-research-grant,New York Dairy Promotion Order Research Grant,New York Department of Agriculture and Markets (NYDAM),Grant,https://ambrook.com/funding/ny-dairy-promotion-research-grant,OK,2026-08-03,Closed Aug 15,"Closed August 15, 2025","$16,000,000 total",PROSE,SPECIFIC,agriculture.ny.gov,3,3,3,3,2,14,no per-award maximum
ny-farm-viability-grant-program,New York Farm Viability Grant Program,New York Farm Viability Institute (NYFVI),Grant,https://ambrook.com/funding/ny-farm-viability-grant-program,OK,2026-07-23,Closed Oct 24,"Closed October 24, 2025","$125,000",EXPLICIT,SPECIFIC,nyfvi.org,3,1,3,3,3,13,status contradicts body saying proposals due Oct 24 2022
ny-farmland-protection-grants,New York Farmland Protection Implementation Grants,New York Department of Agriculture and Markets (NYDAM),Easement,https://ambrook.com/funding/ny-farmland-protection-grants,OK,2026-07-23,-,ABSENT,ABSENT,EXPLICIT,SPECIFIC,agriculture.ny.gov,3,2,3,1,3,12,only spring of even-numbered years; no funding amount
nys-shmg,New York Soil Health Mini-Grant,New York Soil Health,Grant,https://ambrook.com/funding/nys-shmg,OK,2026-07-23,Closed May 1,"Closed May 1, 2026","$2,500",EXPLICIT,SPECIFIC,newyorksoilhealth.org,3,3,3,3,3,15,
ny-historic-barn-rehabilitation-tax-credit,New York State Historic Barn Rehabilitation Tax Credit,"New York State Office of Parks, Recreation, and Historical Preservation",Cost Share,https://ambrook.com/funding/ny-historic-barn-rehabilitation-tax-credit,OK,2026-07-23,-,ABSENT,25% tax credit no cap,EXPLICIT,SPECIFIC,parks.ny.gov,3,2,3,2,3,13,percentage with no cap
NY-state-small-business-revolving-loan-fund,New York State Small Business Revolving Loan Fund Round 2,Empire State Development,Loan,https://ambrook.com/funding/NY-state-small-business-revolving-loan-fund,OK,2026-07-23,-,ABSENT,"$125,000",EXPLICIT,GENERIC,adirondackedc.org,3,2,2,3,3,13,no link to Empire State Development
new-york-states-urban-farms-and-community-gardens-grant-program,,,,https://ambrook.com/funding/new-york-states-urban-farms-and-community-gardens-grant-program,OK,2026-07-23,,"Closed September 5, 2025","$50,000",EXPLICIT,SPECIFIC,agriculture.ny.gov,3,3,3,3,3,15,
ny-wmgp,New York Watershed Micro Grants Program,New York City Watershed Agricultural Council,Grant,https://ambrook.com/funding/ny-wmgp,OK,2026-07-23,-,ABSENT,"$5,000",PROSE,SPECIFIC,nycwatershed.org,3,2,3,3,2,13,
ny-loan-forgiveness,New York Young Farmers Loan Forgiveness Incentive Program,New York Higher Education Services Corporation (NYHESC),Grant,https://ambrook.com/funding/ny-loan-forgiveness,OK,2026-07-23,Closed Jan 1,"Closed January 1, 2024","$50,000 lifetime",EXPLICIT,SPECIFIC,hesc.ny.gov,3,3,3,3,3,15,closed date is the 2024 cycle
nap,Noninsured Disaster Assistance Program (NAP),Farm Service Agency (FSA),Insurance,https://ambrook.com/funding/nap,OK,2026-07-23,-,crop-specific application closing date,"$125,000 per crop year",EXPLICIT,SPECIFIC,fsa.usda.gov,3,2,3,3,3,14,no actual closing dates shown
nc-agventures-grant-program,North Carolina AgVentures Grant Program,North Carolina Tobacco Trust Fund Commission,Grant,https://ambrook.com/funding/nc-agventures-grant-program,OK,2026-07-23,Opens Oct 15,"Opens October 15, 2026","$10,000",EXPLICIT,SPECIFIC,agventures.ces.ncsu.edu,3,3,3,3,3,15,
nc-sare-farmer-rancher,North Central SARE Farmer Rancher Grant,Sustainable Agriculture Research and Education (SARE),Grant,https://ambrook.com/funding/nc-sare-farmer-rancher,OK,2026-07-23,Closed Dec 1,"Closed December 1, 2023","$30,000",EXPLICIT,SPECIFIC,northcentral.sare.org,3,3,3,3,3,15,closed date is the 2023 cycle despite a 2026 update stamp
nc-sare-graduate-student,North Central SARE Graduate Student Grant,Sustainable Agriculture Research and Education (SARE),Grant,https://ambrook.com/funding/nc-sare-graduate-student,OK,2026-07-23,Closed May 18,"Closed May 18, 2025","$20,000",EXPLICIT,SPECIFIC,northcentral.sare.org,3,3,3,3,3,15,
nc-sare-partnership,North Central SARE Partnership Grant,Sustainable Agriculture Research and Education (SARE),Grant,https://ambrook.com/funding/nc-sare-partnership,OK,2026-07-23,Closed Oct 17,"Closed October 17, 2024","Up to $50,000",EXPLICIT,SPECIFIC,northcentral.sare.org,3,3,3,3,3,15,closed date is the 2024 cycle
nc-sare-professional-development,North Central SARE Professional Development Grant,Sustainable Agriculture Research and Education (SARE),Grant,https://ambrook.com/funding/nc-sare-professional-development,OK,2026-07-23,Closed Apr 2,"Closed April 2, 2026","$120,000",PROSE,SPECIFIC,northcentral.sare.org,3,3,3,3,2,14,
nc-sare-research-and-education,North Central SARE Research and Education Grant,Sustainable Agriculture Research and Education (SARE),Grant,https://ambrook.com/funding/nc-sare-research-and-education,OK,2026-07-23,Closed Dec 4,"Deadline: December 4, 2025","$250,000",EXPLICIT,SPECIFIC,northcentral.sare.org,3,3,3,3,3,15,
nc-sare-youth-educator,North Central SARE Youth Educator Grant,Sustainable Agriculture Research and Education (SARE),Grant,https://ambrook.com/funding/nc-sare-youth-educator,OK,2026-07-23,Closed Feb 12,"Deadline: February 12, 2026","Up to $6,000",PROSE,SPECIFIC,northcentral.sare.org,3,3,3,3,2,14,eligibility offloaded to an external quiz
nd-addf,North Dakota Agriculture Diversification and Development Fund,Bank of North Dakota (BND),"Grant, Loan",https://ambrook.com/funding/nd-addf,OK,2026-07-23,-,ABSENT,"$250,000",PROSE,SPECIFIC,bnd.nd.gov,3,2,3,3,2,13,
north-dakota-organic-certification-cost-share-program,North Dakota Organic Certification Cost Share Program,North Dakota Department of Agriculture (NDDA),Cost Share,https://ambrook.com/funding/north-dakota-organic-certification-cost-share-program,OK,2026-07-28,Closed Nov 15,"Closed November 15, 2024",75% max $750,EXPLICIT,SPECIFIC,ndda.nd.gov,3,1,3,3,3,13,status contradicts body saying postmarked no later than Oct 30 2023
north-dakota-organic-education-and-transition-cost-share-program,North Dakota Organic Education and Transition Cost Share Program,North Dakota Department of Agriculture (NDDA),Cost Share,https://ambrook.com/funding/north-dakota-organic-education-and-transition-cost-share-program,OK,2026-07-28,-,ABSENT,75% up to $750,EXPLICIT,SPECIFIC,ndda.nd.gov,3,2,3,3,3,14,
nd-soil-health-cover-crop-grant-program,North Dakota Soil Health Cover Crop Grant Program,North Dakota Department of Agriculture (NDDA),Cost Share,https://ambrook.com/funding/nd-soil-health-cover-crop-grant-program,OK,2026-07-28,-,Sept 15 / Dec 1 / Aug 31 / Oct 1,$25/acre 160 acre cap,EXPLICIT,GENERIC,portalapps.nd.gov,3,1,2,3,3,12,four deadlines have no year and conflict with each other
northeast-agenhancement-grants,Northeast AgEnhancement Grant,Farm Credit East,Grant,https://ambrook.com/funding/northeast-agenhancement-grants,OK,2026-07-23,-,"April 1, August 1, December 1","$10,000",EXPLICIT,SPECIFIC,farmcrediteast.com,3,3,3,3,3,15,
ne-sare-farmer,Northeast SARE Farmer Grant Program,Sustainable Agriculture Research and Education (SARE),Grant,https://ambrook.com/funding/ne-sare-farmer,OK,2026-07-23,Closed May 1,"Closed May 1, 2025","$30,000",PROSE,SPECIFIC,northeast.sare.org,3,3,3,3,2,14,
ne-sare-graduate-student-research,Northeast SARE Graduate Student Research Grant Program,Sustainable Agriculture Research and Education (SARE),Grant,https://ambrook.com/funding/ne-sare-graduate-student-research,OK,2026-07-23,Closed Apr 16,"Deadline: April 16, 2024","$15,000",EXPLICIT,SPECIFIC,northeast.sare.org,3,3,3,3,3,15,closed date is the 2024 cycle; body says early May which conflicts
ne-sare-partnership,Northeast SARE Partnership Grant Program,Sustainable Agriculture Research and Education (SARE),Grant,https://ambrook.com/funding/ne-sare-partnership,OK,2026-07-23,Closed Apr 9,"Closed April 9, 2024","$30,000",EXPLICIT,SPECIFIC,northeast.sare.org,3,3,3,3,3,15,closed date is the 2024 cycle
ne-sare-professional-development,Northeast SARE Professional Development Grant Program,Sustainable Agriculture Research and Education (SARE),Grant,https://ambrook.com/funding/ne-sare-professional-development,OK,2026-07-23,Closed Feb 2,"Closed February 2, 2026","$150,000",EXPLICIT,SPECIFIC,northeast.sare.org,3,3,3,3,3,15,
ne-sare-research-and-education,Northeast SARE Research and Education Grant Program,Sustainable Agriculture Research and Education (SARE),Grant,https://ambrook.com/funding/ne-sare-research-and-education,OK,2026-07-23,Closed Feb 2,"Closed February 2, 2026","$250,000",EXPLICIT,SPECIFIC,northeast.sare.org,3,3,3,3,3,15,
ne-sare-novel-sustainable,Northeast SARE Research for Novel Approaches in Sustainable Agriculture Grant Program,Sustainable Agriculture Research and Education (SARE),Grant,https://ambrook.com/funding/ne-sare-novel-sustainable,OK,2026-07-23,Closed Feb 2,"Closed February 2, 2026","$200,000",PROSE,SPECIFIC,northeast.sare.org,3,3,3,3,2,14,
NNYADP-SGP,Northern New York Agricultural Development Small Grants Program,New York Department of Agriculture and Markets (NYDAM),Grant,https://ambrook.com/funding/NNYADP-SGP,OK,2026-07-23,Closed Oct 31,"Closed October 31, 2025","$300,000 total",PROSE,SPECIFIC,nnyagdev.org,3,3,3,3,2,14,no per-award maximum for a program named Small Grants
nursery-value-select,Nursery Value Select Coverage,Risk Management Agency (RMA),Insurance,https://ambrook.com/funding/nursery-value-select,OK,2026-07-23,-,sales closing dates May 1 or September 1,ABSENT,PROSE,SPECIFIC,rma.usda.gov,3,1,3,1,2,10,sales closing dates given with no year
farm-labor-housing,Off-Farm Labor Housing Direct Loans and Grants,Rural Development (RD),"Grant, Loan",https://ambrook.com/funding/farm-labor-housing,OK,2026-07-23,Closed Jul 3,"Closed July 3, 2024",may not exceed 90% of project cost,EXPLICIT,SPECIFIC,rd.usda.gov,3,3,3,2,3,14,closed date is the 2024 cycle
ohio-agriculture-growing-tomorrow,Ohio Agriculture Growing Tomorrow Grants,Ohio Farm Bureau Foundation (OFBF),Grant,https://ambrook.com/funding/ohio-agriculture-growing-tomorrow,OK,2026-07-31,Closed Jul 31,"Closed July 31, 2026","$3,000",EXPLICIT,SPECIFIC,ofbf.org,3,1,3,3,3,13,status contradicts body saying check back in early 2024
oh-scpbg,Ohio Specialty Crop Producer Block Grant,Ohio Department of Agriculture (ODA),Grant,https://ambrook.com/funding/oh-scpbg,OK,2026-07-23,Closed May 1,"Closed May 1, 2026","$25,000 to $150,000",EXPLICIT,SPECIFIC,agri.ohio.gov,3,1,3,3,3,13,status contradicts body window Feb 3 2025 to Mar 3 2025
oklahoma-resilient-food-systems-program,Oklahoma Resilient Food Systems Infrastructure Program,"Oklahoma Department of Agriculture, Food and Forestry (ODAFF)",Grant,https://ambrook.com/funding/oklahoma-resilient-food-systems-program,OK,2026-07-23,-,ABSENT,"$100,000 to $1,000,000",EXPLICIT,GENERIC,ag.ok.gov,3,2,2,3,3,13,only agency link is a different program document
ok-scbgp,Oklahoma Specialty Crop Block Grant Program,"Oklahoma Department of Agriculture, Food and Forestry (ODAFF)",Grant,https://ambrook.com/funding/ok-scbgp,OK,2026-07-23,Closed Feb 27,"no later than 5 pm February 27, 2026",ABSENT,EXPLICIT,GENERIC,ag.ok.gov,3,3,2,1,3,12,no funding amount
ok-vef,Oklahoma Viticulture and Enology Fund,"Oklahoma Department of Agriculture, Food and Forestry (ODAFF)",Grant,https://ambrook.com/funding/ok-vef,OK,2026-07-23,Closed Aug 20,"Closed August 20, 2024","$50,000",EXPLICIT,GENERIC,ag.ok.gov,3,1,2,3,3,12,status contradicts body deadline June 1 2023
open-data-framework,Open Data Framework,National Institute of Food and Agriculture (NIFA),Grant,https://ambrook.com/funding/open-data-framework,OK,2026-07-23,Closed Jun 26,"Deadline June 26, 2026","$923,325 total",PROSE,SPECIFIC,nifa.usda.gov,3,3,3,2,2,13,"program total only, no per-award maximum"
oregon-aggie-bond-program,Oregon Aggie Bond Program,Business Oregon,Loan,https://ambrook.com/funding/oregon-aggie-bond-program,OK,2026-07-23,-,ABSENT,"$520,000",EXPLICIT,SPECIFIC,oregon4biz.com,3,2,3,3,3,14,
oregon-weed-grant,Oregon Noxious Weed Grant Program,Oregon State Weed Board (OSWB),Grant,https://ambrook.com/funding/oregon-weed-grant,OK,2026-07-23,Closed Dec 19,"Closed December 19, 2025",ABSENT,EXPLICIT,SPECIFIC,oregon.gov,3,3,3,1,3,13,no funding amount
oregon-specialty-crop-block-grant-program,Oregon Specialty Crop Block Grant Program,Oregon Department of Agriculture,Grant,https://ambrook.com/funding/oregon-specialty-crop-block-grant-program,OK,2026-07-10,-,now open and accepting applications,ABSENT,EXPLICIT,SPECIFIC,oda.state.or.us,3,2,3,1,3,12,says now open but gives no closing date
oregon-watershed-enhancement-small-grant,Oregon Watershed Enhancement Board Small Grant,Oregon Watershed Enhancement Board (OWEB),Grant,https://ambrook.com/funding/oregon-watershed-enhancement-small-grant,OK,2026-07-23,Due Apr 15,"Due April 15, 2027","maximum request $20,000",EXPLICIT,SPECIFIC,oregon.gov,3,3,3,3,3,15,
orei,Organic Agriculture Research and Extension Initiative,National Institute of Food and Agriculture (NIFA),Grant,https://ambrook.com/funding/orei,OK,2026-07-23,Closed May 14,"Closed May 14, 2026","$3,500,000 maximum",EXPLICIT,GENERIC,nifa.usda.gov,3,3,2,3,3,14,links to a search result not a program page
occsp,Organic Certification Cost Share Program (OCCSP),Farm Service Agency (FSA),"Grant, Cost Share",https://ambrook.com/funding/occsp,OK,2026-07-28,Due Dec 31,"Due December 31, 2026",up to 75% not to exceed $750,PROSE,SPECIFIC,fsa.usda.gov,3,3,3,3,2,14,"sidebar field malformed as January 1, 750"
omdap,Organic Dairy Marketing Assistance Program (ODMAP),Farm Service Agency (FSA),Grant,https://ambrook.com/funding/omdap,OK,2026-07-23,Closed Dec 13,"Closed December 13, 2024","$104,000,000 total",EXPLICIT,GENERIC,fsa.usda.gov,3,3,2,2,3,13,FSA link wrapped in an Outlook safelinks redirect
omdg,Organic Market Development Grant,Agricultural Marketing Service (AMS),Grant,https://ambrook.com/funding/omdg,OK,2026-07-23,Closed Aug 8,"Closed August 8, 2023","$3,000,000 maximum",EXPLICIT,SPECIFIC,ams.usda.gov,3,3,3,3,3,15,
otidfa,Organic Transition Initiative Direct Farmer Assistance (OTI),Natural Resources Conservation Service (NRCS),Grant,https://ambrook.com/funding/otidfa,OK,2026-07-23,-,ABSENT,"$300,000,000 total",PROSE,SPECIFIC,farmers.gov,3,2,3,2,2,12,no deadline and no per-producer figure
partnerships-for-climate-smart-commodities,Partnerships for Climate-Smart Commodities (CSC),Natural Resources Conservation Service (NRCS),Grant,https://ambrook.com/funding/partnerships-for-climate-smart-commodities,OK,2026-07-23,Closed Jun 10,"Closed June 10, 2022",$5 million to $100 million,EXPLICIT,SPECIFIC,usda.gov,3,3,3,3,3,15,
prf-pilot-insurance-program,"Pasture, Rangeland, Forage Pilot Insurance Program",Risk Management Agency (RMA),Insurance,https://ambrook.com/funding/prf-pilot-insurance-program,OK,2026-07-23,-,sales closing date in actuarial documents,ABSENT,PROSE,SPECIFIC,rma.usda.gov,3,2,3,1,2,11,no premium or subsidy figures
pennsylvania-farm-vitality-planning-grant,Pennsylvania Farm Vitality Planning Grant,Pennsylvania Department of Agriculture,Grant,https://ambrook.com/funding/pennsylvania-farm-vitality-planning-grant,OK,2026-07-23,-,until available funding is exhausted,"$15,000",PROSE,SPECIFIC,pa.gov,3,3,3,3,2,14,eligibility lists eligible costs not applicant criteria
pennsylvania-next-generation-farmer-loan-program,Pennsylvania Next Generation Farmer Loan Program,Pennsylvania Department of Community & Economic Development,Loan,https://ambrook.com/funding/pennsylvania-next-generation-farmer-loan-program,OK,2026-07-23,-,ABSENT,"$682,000",EXPLICIT,SPECIFIC,dced.pa.gov,3,2,3,3,3,14,
pa-small-bus-adv,Pennsylvania Small Business Advantage Grant,Pennsylvania Department of Environmental Protection (PA DEP),Grant,https://ambrook.com/funding/pa-small-bus-adv,OK,2026-08-03,Closed Mar 13,"Closed March 13, 2026","up to $12,000",EXPLICIT,SPECIFIC,depgreenport.state.pa.us,3,3,3,3,3,15,linked guidelines and calculator are 2022 editions
plank-stewardship-initiative,Plank Stewardship Initiative,Plank Stewardship Initiative (PSI),Grant,https://ambrook.com/funding/plank-stewardship-initiative,OK,2026-07-23,Closed Feb 16,"no later than 5:00 p.m. February 16, 2026","up to $50,000",EXPLICIT,GENERIC,plankstewardship.org,3,3,2,3,3,14,only link is a .docx application form
plank-steward-short-notice,Plank Stewardship Initiative Short Notice Grant,Plank Stewardship Initiative (PSI),Grant,https://ambrook.com/funding/plank-steward-short-notice,OK,2026-08-03,-,any time during the calendar year,"$5,000",EXPLICIT,GENERIC,plankstewardship.org,3,3,2,3,3,14,only link is a .docx application form
potato-breeding-research-program,Potato Breeding Research Program,National Institute of Food and Agriculture (NIFA),Grant,https://ambrook.com/funding/potato-breeding-research-program,OK,2025-08-13,Closed Aug 14,"Closed August 14, 2025","$1,500,000",EXPLICIT,SPECIFIC,nifa.usda.gov,3,3,3,3,3,15,
proximity-climate-smart-partnership,Proximity Climate-Smart Partnership,Proximity Malt,Grant,https://ambrook.com/funding/proximity-climate-smart-partnership,OK,2026-07-23,-,ABSENT,"$4,999,233 total",PROSE,SPECIFIC,proximitymalt.com,3,2,3,2,2,12,"no deadline, no per-producer figure"
recognizing-the-role-of-buffalo-production-as-a-climate-smart-commodity,Recognizing the Role of Buffalo Production as a Climate-Smart Commodity,InterTribal Buffalo Council,Grant,https://ambrook.com/funding/recognizing-the-role-of-buffalo-production-as-a-climate-smart-commodity,OK,2026-07-23,Closed Apr 14,"Closed April 14, 2025","$4,950,000 total",ABSENT,NONE,ABSENT,3,3,1,2,1,10,no source link and no eligibility criteria
regen-pilot-program,Regenerative Pilot Program,Natural Resources Conservation Service (NRCS),Cost Share,https://ambrook.com/funding/regen-pilot-program,404,ABSENT,-,ABSENT,ABSENT,ABSENT,NONE,ABSENT,0,0,0,0,0,0,BROKEN 404 on both attempts
rcpp,Regional Conservation Partnership Program (RCPP),Natural Resources Conservation Service (NRCS),Easement,https://ambrook.com/funding/rcpp,OK,2026-01-22,Due Aug 24,Due Aug 24,"$10,000,000",EXPLICIT,SPECIFIC,nrcs.usda.gov,3,1,3,3,3,13,listing shows year-less Due Aug 24 and the page shows no deadline at all
rfsp,Regional Food System Partnerships,Agricultural Marketing Service (AMS),Grant,https://ambrook.com/funding/rfsp,OK,2026-07-23,Closed Jun 5,"Closed June 5, 2026","$1,000,000 maximum",EXPLICIT,SPECIFIC,ams.usda.gov,3,3,3,3,3,15,
reimbursement-transportation-cost-payment,Reimbursement Transportation Cost Payment (RTCP),Farm Service Agency (FSA),Grant,https://ambrook.com/funding/reimbursement-transportation-cost-payment,OK,2026-07-23,Closed Sep 30,"Closed September 30, 2025","$8,000 per producer",EXPLICIT,SPECIFIC,fsa.usda.gov,3,3,3,3,3,15,
lasa,Rhode Island Local Ag & Seafood Act Grant,Rhode Island Department of Environmental Management (RI DEM),Grant,https://ambrook.com/funding/lasa,OK,2026-07-23,Closed Dec 5,"Deadline: December 5, 2025","$20,000",EXPLICIT,SPECIFIC,dem.ri.gov,3,3,3,3,3,15,
de-scbgp,Rhode Island Specialty Crop Block Grant Program,Rhode Island Department of Environmental Management (RI DEM),Grant,https://ambrook.com/funding/de-scbgp,OK,2026-07-23,Closed Feb 28,"Closed February 28, 2026",ABSENT,PROSE,SPECIFIC,dem.ri.gov,3,3,3,1,2,12,slug de-scbgp is used for a Rhode Island program
rice-stewardship-partnership-for-climate-smart-commodities,Rice Stewardship Partnership for Climate-Smart Commodities,USA Rice Federation,Grant,https://ambrook.com/funding/rice-stewardship-partnership-for-climate-smart-commodities,OK,2026-07-10,Closed Aug 30,"Closed August 30, 2024","$80,000,000 total",ABSENT,NONE,ABSENT,3,3,1,2,1,10,no source link and no eligibility criteria
rural-cooperative-development-grants,Rural Cooperative Development Grants,National Institute of Food and Agriculture (NIFA),Grant,https://ambrook.com/funding/rural-cooperative-development-grants,OK,2026-07-23,Closed Sep 15,"Closed September 15, 2025","$1,000,000 maximum",PROSE,SPECIFIC,nifa.usda.gov,3,3,3,3,2,14,eligibility restates the purpose
rdwsgp,Rural Decentralized Water Systems Grant Program,Rural Development (RD),Grant,https://ambrook.com/funding/rdwsgp,OK,2026-07-27,Closed Dec 1,"Closed December 1, 2025","$6,000,000 total",EXPLICIT,SPECIFIC,rd.usda.gov,3,3,3,2,3,14,
rmap,Rural Microentrepreneur Assistance Program,Rural Development (RD),Loan,https://ambrook.com/funding/rmap,OK,2026-08-03,-,accepted on an ongoing basis,"$500,000 maximum to MDOs",EXPLICIT,SPECIFIC,rd.usda.gov,3,3,3,3,3,15,
sage-grouse-initiative,Sage Grouse Initiative (SGI),Natural Resources Conservation Service (NRCS),Grant,https://ambrook.com/funding/sage-grouse-initiative,OK,2026-07-23,-,continuous basis,ABSENT,PROSE,SPECIFIC,nrcs.usda.gov,3,3,3,1,2,12,no funding information
santa-fe-farmers-market-institute-micro-loans,Santa Fe Farmers' Market Institute Micro-Loans,Santa Fe Farmers' Market Institute (SFFMI),Loan,https://ambrook.com/funding/santa-fe-farmers-market-institute-micro-loans,OK,2026-07-23,-,ABSENT,"$20,000",EXPLICIT,SPECIFIC,farmersmarketinstitute.org,3,2,3,3,3,14,
secondcrop,SecondCrop,Loam Bio,Environmental Market,https://ambrook.com/funding/secondcrop,OK,2026-08-05,-,ABSENT,ABSENT,EXPLICIT,SPECIFIC,loambio.com,3,2,3,1,3,12,no price or payment figure disclosed
spmgp,Sheep Production and Marketing Grant Program,Agricultural Marketing Service (AMS),Grant,https://ambrook.com/funding/spmgp,OK,2026-08-03,Due Oct 2,"Due October 2, 2026","$2,400,000",EXPLICIT,GENERIC,nsiic.org,3,3,2,3,3,14,links to a homepage and a USDA form
sky-high-farm-grant,Sky High Farm Grant,Sky High Farm,Grant,https://ambrook.com/funding/sky-high-farm-grant,OK,2026-02-11,Closed Jan 20,"Closed January 20, 2026","$30,000",PROSE,GENERIC,docs.google.com,3,3,2,3,2,13,only link is a Google Form
sba-disaster-assistance,Small Business Administration Disaster Assistance,Small Business Administration (SBA),Loan,https://ambrook.com/funding/sba-disaster-assistance,OK,2026-07-23,-,ABSENT,"$2,000,000 businesses",EXPLICIT,GENERIC,lending.sba.gov,3,2,2,3,3,13,only SBA link is the disaster lookup tool
sba-loans,Small Business Association Loans,Small Business Administration (SBA),Loan,https://ambrook.com/funding/sba-loans,OK,2026-07-23,-,ABSENT,ABSENT,ABSENT,SPECIFIC,sba.gov,3,2,3,1,1,10,no funding amount and no eligibility info
sbir-2,Small Business Innovation Research Program Phase 2,National Institute of Food and Agriculture (NIFA),Grant,https://ambrook.com/funding/sbir-2,OK,2026-07-23,Closed Sep 23,"Closed September 23, 2025","$650,000",EXPLICIT,SPECIFIC,nifa.usda.gov,3,3,3,3,3,15,
solar-massachusetts-renewable-target,Solar Massachusetts Renewable Target Program,MA-DOER,Solar Power,https://ambrook.com/funding/solar-massachusetts-renewable-target,OK,2026-07-23,-,ABSENT,ABSENT,PROSE,GENERIC,masmartsolar.com,3,2,2,1,2,10,"no funding amount, no mass.gov link"
smd-mini-grant,Southern Maryland Farmer Mini-Grant Program,Southern Maryland Agricultural Development Commission (SMADC),Grant,https://ambrook.com/funding/smd-mini-grant,OK,2026-07-23,Closed Dec 31,"Closed December 31, 2025","$3,000",EXPLICIT,GENERIC,cognitoforms.com,3,3,2,3,3,14,only link is a Cognito application form
southern-maryland-revolving-loan-fund-for-agricultural-and-shellfish-aquaculture-producers,Southern Maryland Revolving Loan Fund for Agricultural & Shellfish Aquaculture Producers,Southern Maryland Agricultural Development Commission (SMADC),Loan,https://ambrook.com/funding/southern-maryland-revolving-loan-fund-for-agricultural-and-shellfish-aquaculture-producers,OK,2026-07-23,-,ABSENT,"$20,000",EXPLICIT,GENERIC,marbidco.org,3,2,2,3,3,13,links only to PDF application forms
s-sare-graduate-student,Southern SARE Graduate Student Grant,Sustainable Agriculture Research and Education (SARE),Grant,https://ambrook.com/funding/s-sare-graduate-student,OK,2026-07-23,Closed May 8,"Closed May 8, 2026","$22,000",EXPLICIT,SPECIFIC,southern.sare.org,3,3,3,3,3,15,
s-sare-onfarm-research,Southern SARE On-Farm Research Grant,Sustainable Agriculture Research and Education (SARE),Grant,https://ambrook.com/funding/s-sare-onfarm-research,OK,2026-07-23,Closed Nov 22,"Closed November 22, 2024","$30,000",EXPLICIT,SPECIFIC,southern.sare.org,3,3,3,3,3,15,close date is the 2024 cycle though page updated 2026-07-23
s-sare-producer,Southern SARE Producer Grant,Sustainable Agriculture Research and Education (SARE),Grant,https://ambrook.com/funding/s-sare-producer,OK,2026-07-23,Closed Dec 5,"Closed December 5, 2025","$20,000",EXPLICIT,SPECIFIC,southern.sare.org,3,3,3,3,3,15,
s-sare-professional-development,Southern SARE Professional Development Program,Sustainable Agriculture Research and Education (SARE),Grant,https://ambrook.com/funding/s-sare-professional-development,OK,2026-07-23,Closed Nov 14,"Closed November 14, 2025",no funding cap,EXPLICIT,SPECIFIC,southern.sare.org,3,3,3,2,3,14,no award cap stated
s-sare-research-and-education,Southern SARE Research and Education Grant,Sustainable Agriculture Research and Education (SARE),Grant,https://ambrook.com/funding/s-sare-research-and-education,OK,2026-07-10,Closed Nov 21,"Closed November 21, 2025","$400,000 research",EXPLICIT,SPECIFIC,southern.sare.org,3,3,3,3,3,15,
specialty-crop-research-initiative,Specialty Crop Research Initiative,National Institute of Food and Agriculture (NIFA),Grant,https://ambrook.com/funding/specialty-crop-research-initiative,OK,2026-07-23,Closed Jun 15,"Closed June 15, 2026","$10,000,000",PROSE,SPECIFIC,nifa.usda.gov,3,3,3,3,2,14,
steward,Steward Loans,Steward,Loan,https://ambrook.com/funding/steward,OK,2026-07-23,-,ABSENT,"$10,000 to $1,000,000+",EXPLICIT,SPECIFIC,gosteward.com,3,2,3,3,3,14,
sara,Stewardship Assistance and Restoration on APRs,Massachusetts Department of Agricultural Resources (MDAR),Grant,https://ambrook.com/funding/sara,OK,2026-08-03,Closed Apr 14,"Closed April 14, 2026","up to $35,000 vs up to $50,000",EXPLICIT,SPECIFIC,mass.gov,3,3,3,3,3,15,page contradicts itself on award cap
ssfl,Sugar Storage Facility Loan Program (SSFL),Farm Service Agency (FSA),Loan,https://ambrook.com/funding/ssfl,OK,2026-07-23,-,ABSENT,85% of net cost,EXPLICIT,SPECIFIC,fsa.usda.gov,3,2,3,2,3,13,percentage with no dollar cap
tennessee-agricultural-enhancement-program,Tennessee Agricultural Enhancement Program,Tennessee Department of Agriculture (TDA),Cost Share,https://ambrook.com/funding/tennessee-agricultural-enhancement-program,OK,2026-01-28,Closed Oct 7,"Closed October 7, 2025",ABSENT,PROSE,SPECIFIC,tn.gov,3,3,3,1,2,12,no funding amount for a cost-share program
tn-ag-enterprise-fund,Tennessee Agricultural Enterprise Fund,Tennessee Department of Agriculture (TDA),Grant,https://ambrook.com/funding/tn-ag-enterprise-fund,OK,2025-10-27,Due Oct 10,"Closed January 10, 2026","$100,000",EXPLICIT,SPECIFIC,tn.gov,3,3,3,3,3,15,listing says Due Oct 10 but page says Closed January 10 2026
tennessee-farmer-relief-fund,Tennessee Farmer Relief Fund,Tennessee Local Food,Grant,https://ambrook.com/funding/tennessee-farmer-relief-fund,OK,2026-07-23,-,ABSENT,ABSENT,PROSE,GENERIC,docs.google.com,3,2,2,1,2,10,no funding amount; links to a Google Form and PayPal
tn-gif,Tennessee Grain Indemnity Fund,Tennessee Department of Agriculture (TDA),Insurance,https://ambrook.com/funding/tn-gif,OK,2026-07-23,-,ABSENT,"$100,000 cap for dealer failures",PROSE,SPECIFIC,tn.gov,3,2,3,3,2,13,
yfgp,Texas Agriculture Grant (YFGP),Texas Department of Agriculture (TXDA),Grant,https://ambrook.com/funding/yfgp,OK,2026-07-23,Closed Apr 17,"Closed April 17, 2025",ABSENT,ABSENT,GENERIC,form.jotform.com,3,3,2,1,1,10,"no funding amount, no eligibility, no TXDA link"
texas-climate-smart-initiative,Texas Conservation and Sustainability Initiative,Texas A&M Agrilife Research,Grant,https://ambrook.com/funding/texas-climate-smart-initiative,OK,2026-07-23,-,ABSENT,"$65,000,000 total",ABSENT,SPECIFIC,tcsi.tamu.edu,3,2,3,3,1,12,no eligibility info
star,Texas STAR Fund,Texas Department of Agriculture (TXDA),"Cost Share, Grant",https://ambrook.com/funding/star,OK,2026-07-23,-,90 days from proclamation,set per disaster proclamation,EXPLICIT,SPECIFIC,texasagriculture.gov,3,2,3,2,3,13,current award amounts not stated
yfirr,Texas Young Farmer Interest Rate Reduction Program,Texas Agricultural Finance Authority (TAFA),Discount,https://ambrook.com/funding/yfirr,OK,2026-07-23,-,ABSENT,"$500,000",EXPLICIT,SPECIFIC,texasagriculture.gov,3,2,3,3,3,14,
the-bobolink-project,The Bobolink Project,Massachusetts Audubon Society,Easement,https://ambrook.com/funding/the-bobolink-project,OK,2026-07-23,Closed Mar 15,"Closed March 15, 2026",ABSENT,EXPLICIT,SPECIFIC,bobolinkproject.com,3,3,3,1,3,13,no payment amount shown
ne-rlf,The Brighter Future Fund's New England Regenerative Livestock Farming Grant,American Farmland Trust (AFT),Grant,https://ambrook.com/funding/ne-rlf,OK,2026-07-23,Closed Nov 24,"Closed November 24, 2025","$10,000",PROSE,SPECIFIC,farmland.org,3,3,3,3,2,14,eligibility defers to external guidelines
carrot-farm-and-food-loan,The Carrot Project Farm and Food Loan Fund,The Carrot Project,Loan,https://ambrook.com/funding/carrot-farm-and-food-loan,OK,2026-07-23,-,first of the month,"$5,000 to $250,000",EXPLICIT,GENERIC,thecarrotproject.org,3,3,2,3,3,14,links to an inquiry form not a program page
the-climate-smart-agriculture-innovative-finance-initiative,The Climate-Smart Agriculture Innovative Finance Initiative,Field to Market,Grant,https://ambrook.com/funding/the-climate-smart-agriculture-innovative-finance-initiative,OK,2026-07-23,Closed Apr 14,"Closed April 14, 2025","$70,000,000 total",PROSE,SPECIFIC,fieldtomarket.org,3,3,3,3,2,14,parent PCSC program cancelled 2025-04-14
the-good-acre-local-emergency-assistance-farmer-fund,The Good Acre Local Emergency Assistance Farmer Fund,The Good Acre,Grant,https://ambrook.com/funding/the-good-acre-local-emergency-assistance-farmer-fund,OK,2026-07-23,Closed Feb 1,"Closed February 1, 2025","Tier 1 up to $5,000",EXPLICIT,GENERIC,leg.mn.gov,3,3,2,3,3,14,only links are a statute PDF and Instagram
the-growing-grass-climate-smart-value-added-us-commodity-markets-project,The Growing GRASS & Climate-Smart Value-Added U.S. Commodity Markets Project,American Sustainable Business Institute,Grant,https://ambrook.com/funding/the-growing-grass-climate-smart-value-added-us-commodity-markets-project,OK,2026-07-23,-,ABSENT,"$35,000,000 total",ABSENT,SPECIFIC,ggrass.org,3,2,3,3,1,12,no eligibility info
the-working-farms-fund,The Working Farms Fund,The Conservation Fund (TCF),Grant,https://ambrook.com/funding/the-working-farms-fund,OK,2026-07-23,-,ABSENT,ABSENT,PROSE,SPECIFIC,conservationfund.org,3,2,3,1,2,11,no funding amount
transforming-the-farmer-to-consumer-supply-chain-with-climate-smart-agriculture-partnerships,Transforming the Farmer-to-Consumer Supply Chain with Climate-Smart Agriculture Partnerships,Carbon A List,Grant,https://ambrook.com/funding/transforming-the-farmer-to-consumer-supply-chain-with-climate-smart-agriculture-partnerships,OK,2026-07-23,-,ABSENT,"$70,350,000 total",PROSE,SPECIFIC,transformf2c.com,3,2,3,3,2,13,figure is total program funding
topp,Transition to Organic Partnership Program,Agricultural Marketing Service (AMS),Education,https://ambrook.com/funding/topp,OK,2026-07-23,-,ABSENT,$100 million over five years,PROSE,SPECIFIC,ams.usda.gov,3,2,3,3,2,13,figure is total program funding
tap,Tree Assistance Program (TAP),Farm Service Agency (FSA),Grant,https://ambrook.com/funding/tap,OK,2026-07-23,-,within 90 calendar days of the disaster,"$125,000 up to 65% cost-share",EXPLICIT,SPECIFIC,fsa.usda.gov,3,3,3,3,3,15,
uae-agriculture-grant,"Urban, Indoor, and Emerging Agriculture Grant",National Institute of Food and Agriculture (NIFA),Grant,https://ambrook.com/funding/uae-agriculture-grant,OK,2026-07-23,Closed Jul 27,"Closed July 27, 2026","$500,000",EXPLICIT,SPECIFIC,nifa.usda.gov,3,3,3,3,3,15,source PDF is the FY22 RFA while the deadline shown is 2026
ut-emergency-disaster-relief-loan-program,Utah Emergency Disaster Relief Loan Program,Utah Department of Agriculture and Food (UDAF),Loan,https://ambrook.com/funding/ut-emergency-disaster-relief-loan-program,OK,2026-07-23,-,rolling per active disaster declaration,"$100,000 per entity",EXPLICIT,SPECIFIC,ag.utah.gov,3,3,3,3,3,15,
UFSG,Utah Food Security Processing Grant,Utah Department of Agriculture and Food (UDAF),Grant,https://ambrook.com/funding/UFSG,OK,2026-07-23,Closed Jun 8,"Closed June 8, 2025","$200,000 cap",EXPLICIT,SPECIFIC,ag.utah.gov,3,3,3,3,3,15,
ut-grazing-improvement-program,Utah Grazing Improvement Program,Utah Department of Agriculture and Food (UDAF),Cost Share,https://ambrook.com/funding/ut-grazing-improvement-program,OK,2026-07-23,Closed Dec 31,"Closed December 31, 2025","$200,000 maximum",PROSE,SPECIFIC,ag.utah.gov,3,1,3,3,2,12,status contradicts body listing windows that closed June 17 2022
ut-invasive-species,Utah Invasive Species Mitigation Program Application,Utah Department of Agriculture and Food (UDAF),Grant,https://ambrook.com/funding/ut-invasive-species,OK,2026-07-23,Closed Mar 20,"Closed March 20, 2026","$125,000",EXPLICIT,SPECIFIC,ag.utah.gov,3,3,3,3,3,15,agency link is the FY2024 application page
ut-pollinator-habitat-program,Utah Pollinator Habitat Program,Utah Department of Agriculture and Food (UDAF),Discount,https://ambrook.com/funding/ut-pollinator-habitat-program,OK,2026-07-23,Closed Apr 15,"Deadline April 15, 2026",up to 25% cost share,EXPLICIT,SPECIFIC,ag.utah.gov,3,1,3,2,3,12,status contradicts body window March 1 to April 15 2025
utah-salinity-and-groundwater-program,Utah Salinity and Groundwater Program,Utah Department of Agriculture and Food (UDAF),Grant,https://ambrook.com/funding/utah-salinity-and-groundwater-program,OK,2026-07-23,Due Sep 1,"Deadline: September 1, 2026",ABSENT,ABSENT,GENERIC,usbr.gov,3,3,2,1,1,10,no funding or eligibility info; no UDAF link
vapg,Value-Added Producer Grant,Rural Development (RD),Grant,https://ambrook.com/funding/vapg,OK,2026-07-23,Closed Apr 15,"Closed April 15, 2026","$200,000",EXPLICIT,SPECIFIC,vapg.rd.usda.gov,3,3,3,3,3,15,
venmo-small-business-grant,Venmo Small Business Grant,Venmo,Grant,https://ambrook.com/funding/venmo-small-business-grant,OK,2026-07-23,Closed Aug 7,"Closed August 7, 2023","$10,000",EXPLICIT,SPECIFIC,venmo.com,3,3,3,3,3,15,
vacc-loans,Vermont Agricultural Credit Corporation Loans,Vermont Economic Development Authority (VEDA),Loan,https://ambrook.com/funding/vacc-loans,OK,2026-07-23,-,ABSENT,ABSENT,EXPLICIT,SPECIFIC,veda.org,3,2,3,1,3,12,no funding amount
vt-fap,Vermont Farm Agronomic Practices Grant,"Vermont Agency of Agriculture, Food & Markets (VAAFM)",Grant,https://ambrook.com/funding/vt-fap,OK,2026-07-23,Closed Aug 1,"Closed August 1, 2026","$10,000 per farm per year",EXPLICIT,SPECIFIC,agriculture.vermont.gov,3,3,3,3,3,15,
vtff-business-builder-loan,Vermont Farm Fund Business Builder Loan,Vermont Farm Fund (VTFF),Loan,https://ambrook.com/funding/vtff-business-builder-loan,OK,2026-07-23,-,rolling basis,"$30,000",PROSE,GENERIC,vtfarmfund.org,3,3,2,3,2,13,
vtff-emergeny-loan,Vermont Farm Fund Emergency Loan,Vermont Farm Fund (VTFF),Loan,https://ambrook.com/funding/vtff-emergeny-loan,OK,2026-07-23,-,rolling basis,"$10,000 vs $15,000",PROSE,GENERIC,vtfarmfund.org,3,3,2,3,2,13,amount conflict between body and Details box
vtff-new-producer-loan,Vermont Farm Fund New Producer Loan,Vermont Farm Fund (VTFF),Loan,https://ambrook.com/funding/vtff-new-producer-loan,OK,2026-07-23,-,rolling basis,"$20,000",PROSE,GENERIC,vtfarmfund.org,3,3,2,3,2,13,
vt-bipg,Vermont Farm and Forest Business Plan Implementation Grant,Vermont Housing and Conservation Board (VHCB),Grant,https://ambrook.com/funding/vt-bipg,OK,2026-07-23,Closed May 1,"Closed May 1, 2026","$8,000",PROSE,GENERIC,vhcb.org,3,3,2,3,2,13,eligibility still limited to 2022 or 2023 clients
vt-ffvp-business-advising,Vermont Farm and Forest Program Business Advising,Vermont Housing and Conservation Board (VHCB),Discount,https://ambrook.com/funding/vt-ffvp-business-advising,OK,2026-07-23,-,ABSENT,no cost after $75 enrollment fee,EXPLICIT,SPECIFIC,vhcb.org,3,2,3,2,3,13,benefit value not quantified
vt-farm-and-forest-water-quality-grant,Vermont Farm and Forest Water Quality Grant,Vermont Housing and Conservation Board (VHCB),Grant,https://ambrook.com/funding/vt-farm-and-forest-water-quality-grant,OK,2026-07-23,Closed Jan 14,"Closed January 14, 2026","$50,000",EXPLICIT,SPECIFIC,vhcb.org,3,3,3,3,3,15,
vermont-pasture-surface-water-fencing-program,Vermont Pasture and Surface Water Fencing Program,"Vermont Agency of Agriculture, Food & Markets (VAAFM)",Grant,https://ambrook.com/funding/vermont-pasture-surface-water-fencing-program,OK,2026-07-23,-,rolling basis,"$15,000 vs $20,000",EXPLICIT,SPECIFIC,agriculture.vermont.gov,3,3,3,3,3,15,amount conflict between body and Details box
vermont-working-lands-business-grants,Vermont Working Lands Business Enhancement Grants,State of Vermont,Grant,https://ambrook.com/funding/vermont-working-lands-business-grants,OK,2026-07-23,Closed Dec 11,"Closed December 11, 2025","$50,000",EXPLICIT,SPECIFIC,workinglands.vermont.gov,3,1,3,3,3,13,closed date contradicts body saying check back in fall 2024
vtwlg-producer-association-development-grants,Vermont Working Lands Service Provider & Producer Association Grants,Vermont Working Lands Enterprise Initiative (WLEI),Grant,https://ambrook.com/funding/vtwlg-producer-association-development-grants,OK,2026-07-23,Closed Nov 5,"Closed November 5, 2025","$100,000",EXPLICIT,SPECIFIC,workinglands.vermont.gov,3,3,3,3,3,15,
vermont-working-lands-trade-show-assistance-grants,Vermont Working Lands Trade Show Assistance Grants,State of Vermont,Grant,https://ambrook.com/funding/vermont-working-lands-trade-show-assistance-grants,OK,2026-07-28,Closed Jan 21,"December 5, 2025 to January 21, 2026","$5,000",EXPLICIT,SPECIFIC,agriculture.vermont.gov,3,3,3,3,3,15,linked RFA is FY25
va-farm-loans,Veterans Affair's Loans for Farms,Department of Veterans Affairs (VA),Loan,https://ambrook.com/funding/va-farm-loans,OK,2026-07-23,-,ABSENT,ABSENT,PROSE,GENERIC,va.gov,3,2,2,1,2,10,no funding amount
va-food-access-investment-funds-grants,Virginia Food Access Investment Fund Grants,Virginia Department of Agriculture and Consumer Services (VDACS),Grant,https://ambrook.com/funding/va-food-access-investment-funds-grants,OK,2026-07-23,Closed Apr 1,"Closed April 1, 2025","$50,000",EXPLICIT,SPECIFIC,vdacs.virginia.gov,3,3,3,3,3,15,
warner-grants-for-sustainable-agriculture,Warner Grants for Sustainable Agriculture,The Ohio State University CFAES,Grant,https://ambrook.com/funding/warner-grants-for-sustainable-agriculture,OK,2026-07-23,Closed Mar 1,"Closed March 1, 2025","$5,000",EXPLICIT,SPECIFIC,amp.osu.edu,3,3,3,3,3,15,status says closed Mar 2025 but page links a 2026 RFP
washington-beginner,Washington Beginning Farmer/Rancher Program,Washington State Housing Finance Commission (WSHFC),Loan,https://ambrook.com/funding/washington-beginner,OK,2026-07-23,-,ABSENT,"$534,600",EXPLICIT,SPECIFIC,wshfc.org,3,2,3,3,3,14,
washington-sosff,Washington State Organic and Sustainable Farming Fund,Tilth Alliance,Grant,https://ambrook.com/funding/washington-sosff,OK,2026-07-23,Closed Feb 9,"Closed February 9, 2026","$25,000 max",EXPLICIT,SPECIFIC,tilthalliance.org,3,3,3,3,3,15,
wcfsp,Water Conservation Field Services Program,U.S. Bureau of Reclamation (USBR),Cost Share,https://ambrook.com/funding/wcfsp,OK,2026-07-23,-,ABSENT,ABSENT,PROSE,GENERIC,grants.gov,3,2,2,1,2,10,no USBR program link and no funding information
water-well-trust-water-access-program,Water Well Trust Water Access Program,Water Well Trust,Loan,https://ambrook.com/funding/water-well-trust-water-access-program,OK,2026-07-23,-,ABSENT,ABSENT,EXPLICIT,GENERIC,waterwelltrust.org,3,2,2,1,3,11,no funding amount
watersmart-initiative,WaterSMART Initiative (WSI),Natural Resources Conservation Service (NRCS),Grant,https://ambrook.com/funding/watersmart-initiative,OK,2026-07-11,-,ABSENT,$29.7 million FY2024,PROSE,SPECIFIC,nrcs.usda.gov,3,2,3,2,2,12,figure is a FY2024 program-wide total
wnc-agricultural-options-program,Western North Carolina Agricultural Options Program,North Carolina Tobacco Trust Fund Commission,Grant,https://ambrook.com/funding/wnc-agricultural-options-program,OK,2026-07-23,Closed Jan 15,"Closed January 15, 2026","$8,000",PROSE,GENERIC,wncagoptions.org,3,1,2,3,2,11,secondary deadline Oct. 14 has no year
western-sare-farmerrancher-grant,Western SARE Farmer/Rancher Grant,Sustainable Agriculture Research and Education (SARE),Grant,https://ambrook.com/funding/western-sare-farmerrancher-grant,OK,2026-07-23,Closed Oct 23,"Closed October 23, 2024","$35,000",EXPLICIT,SPECIFIC,western.sare.org,3,3,3,3,3,15,deadline is the 2024 cycle despite a 2026 update date
w-sare-graduate-student,Western SARE Graduate Student Grant,Sustainable Agriculture Research and Education (SARE),Grant,https://ambrook.com/funding/w-sare-graduate-student,OK,2026-07-23,Closed Mar 6,"Closed March 6, 2026","$30,000",EXPLICIT,SPECIFIC,projects.sare.org,3,3,3,3,3,15,
w-sare-grassroots,Western SARE Local Education and Demonstration Grants,Sustainable Agriculture Research and Education (SARE),Grant,https://ambrook.com/funding/w-sare-grassroots,OK,2026-07-23,Closed Nov 6,"Closed November 6, 2024","$60,000",PROSE,SPECIFIC,western.sare.org,3,3,3,3,2,14,deadline is the 2024 cycle; one resource URL is malformed
w-sare-professional-producer,Western SARE Professional + Producer Grant,Sustainable Agriculture Research and Education (SARE),Grant,https://ambrook.com/funding/w-sare-professional-producer,OK,2026-07-23,Closed Oct 22,"Closed October 22, 2024","$75,000 vs $85,000",EXPLICIT,SPECIFIC,western.sare.org,3,3,3,3,3,15,amount conflict between body and Details box
w-sare-professional-development,Western SARE Professional Development Grant,Sustainable Agriculture Research and Education (SARE),Grant,https://ambrook.com/funding/w-sare-professional-development,OK,2026-07-23,Closed Nov 6,"Closed November 6, 2024","$100,000",PROSE,SPECIFIC,western.sare.org,3,3,3,3,2,14,deadline is the 2024 cycle
w-sare-research-and-education,Western SARE Research and Education Grant,Sustainable Agriculture Research and Education (SARE),Grant,https://ambrook.com/funding/w-sare-research-and-education,OK,2026-07-23,Closed Jun 15,"Closed June 15, 2026","$350,000",EXPLICIT,GENERIC,projects.sare.org,3,3,2,3,3,14,links only to the application portal
w-sare-sabbatical-research-and-education,Western SARE Sabbatical Research and Education Grant,Sustainable Agriculture Research and Education (SARE),Grant,https://ambrook.com/funding/w-sare-sabbatical-research-and-education,OK,2026-07-23,Closed Nov 1,"Closed November 1, 2024","$75,000",EXPLICIT,SPECIFIC,western.sare.org,3,3,3,3,3,15,deadline is the 2024 cycle
wrep,Wetland Reserve Easement (WREP),Natural Resources Conservation Service (NRCS),Easement,https://ambrook.com/funding/wrep,OK,2026-07-23,-,"emailed by August 15, 2021",at least 10 percent partner contribution,PROSE,SPECIFIC,nrcs.usda.gov,3,1,3,2,2,11,due date August 15 2021 has already passed; NRCS links use dead legacy URLs
whole-farm-revenue-protection,Whole Farm Revenue Protection,Risk Management Agency (RMA),Insurance,https://ambrook.com/funding/whole-farm-revenue-protection,OK,2026-07-23,-,sales closing date in actuarial documents,no more than $17 million insured revenue,EXPLICIT,SPECIFIC,rma.usda.gov,3,2,3,3,3,14,linked fact sheets and handbook are 2020/2023 vintage
wholefoods-local-producer,Whole Foods Local Producer Loan Program,Whole Foods Market,Loan,https://ambrook.com/funding/wholefoods-local-producer,OK,2025-08-13,-,ABSENT,"$1,000 to $100,000",EXPLICIT,NONE,ABSENT,3,2,1,3,3,12,no outbound source link
datcp-dairy-processor-grants,Wisconsin Dairy Processor Grants,Wisconsin DATCP,Grant,https://ambrook.com/funding/datcp-dairy-processor-grants,OK,2026-07-23,Closed Sep 17,"Closed September 17, 2025","$50,000 per processor per year",EXPLICIT,SPECIFIC,datcp.wi.gov,3,3,3,3,3,15,
ffti-women-in-agtech,Women in Agrifoodtech Directory,From Farms to Incubators,Education,https://ambrook.com/funding/ffti-women-in-agtech,OK,2026-07-23,-,ABSENT,ABSENT,ABSENT,GENERIC,airtable.com,3,2,2,1,1,9,no funding or eligibility information
WLEI,Working Lands Enterprise Initiative,State of Vermont,Grant,https://ambrook.com/funding/WLEI,OK,2026-07-23,-,ABSENT,"$100,000",EXPLICIT,NONE,ABSENT,3,2,1,3,3,12,"no outbound source link, only an image credit"
wlfw,Working Lands for Wildlife,Natural Resources Conservation Service (NRCS),Grant,https://ambrook.com/funding/wlfw,OK,2026-07-23,-,ABSENT,ABSENT,PROSE,SPECIFIC,nrcs.usda.gov,3,2,3,1,2,11,no funding or cost-share information
youth-loans,Youth Loans,Farm Service Agency (FSA),Loan,https://ambrook.com/funding/youth-loans,OK,2026-07-23,-,ABSENT,"$10,000",EXPLICIT,SPECIFIC,fsa.usda.gov,3,2,3,3,3,14,
